id,date,datetime,category,headline,summary,source,url,related,image
7671440,2026-03-20 20:57:55,1774040275,top news,Super Micro co-founder indicted on Nvidia smuggling charges leaves board,"Super Micro said Yih-Shyan ""Wally"" Liaw, a co-founder, has resigned from the server maker's board after he was indicted in the U.S.",CNBC,https://www.cnbc.com/2026/03/20/super-micro-co-founder-leaves-board.html,,https://image.cnbcfm.com/api/v1/image/108281187-1774039437417-gettyimages-2188260482-avils-notitle241207_npvVN.jpeg?v=1774039473&w=1920&h=1080
7671649,2026-03-20 18:54:42,1774032882,business,"Wall St Week Ahead Persistent Iran war, energy price surge set to sway wavering stocks - Reuters","Wall St Week Ahead Persistent Iran war, energy price surge set to sway wavering stocks  Reuters",Reuters,https://news.google.com/rss/articles/CBMiwAFBVV95cUxNMXpCQnZlZDV4QmVnU1lKU3ZxRlhZVEg1Q1VlM01BLWhiLUtzeHJVdlRzazcwSDNLdVlvZC1mLWEtT1NSYlZnVE0zNVlzekZQbS13OVgyemVicEtNZEhyZGpHMnZwcnh6R25ZaUdSQmtLdng3UEsyNVZ1d0RTQkNpUHNkaS1CbFhYYU1JZ1hiMUF1aUQxNW1ta0NZcjVOWlVoQTh2aHNJWEFKTDViVl9YVXdCallnSmRMVzVIb0RpdjA?oc=5,,https://static2.finnhub.io/file/finnhub/logo/reuters_logo.jpeg
7671442,2026-03-20 18:17:57,1774030677,business,"Exclusive: Iraq declares force majeure on foreign-operated oilfields over Hormuz disruption, sources say - Reuters","Exclusive: Iraq declares force majeure on foreign-operated oilfields over Hormuz disruption, sources say  Reuters",Reuters,https://news.google.com/rss/articles/CBMiyAFBVV95cUxOdWxHRGNTTnpjZlUxTS12aU9UalFlaWtfblctTVluZFJlaTFyRU9SWGM0d3FtZVAwTEpQaWhqT09iUWpaLUNSbkt1eXJlVnB3UmRGUlZ5QjZYSEhOTGNGWHZ3TmJMY3UzSk42azZ5dlo1MmhsSnBybnJuNERfbnpNSmNINTFBOTZEb0FUUlFwNk5HTGhFa2xremlnQUNjUlVGS29uVkctZUhJeTVZaVNUQ19kMi0xUWVyeXVscVVRR0x3TktfTGJUbg?oc=5,,https://static2.finnhub.io/file/finnhub/logo/reuters_logo.jpeg
7670813,2026-03-20 18:12:21,1774030341,top news,We're upgrading our rating on Honeywell — plus 2 positions we'd like to build up,"Every weekday, the Investing Club releases the Homestretch; an actionable afternoon update just in time for the last hour of trading.",CNBC,https://www.cnbc.com/2026/03/20/were-upgrading-honeywell-plus-2-positions-wed-like-to-build-up.html,,https://image.cnbcfm.com/api/v1/image/108279590-1773844635516-gettyimages-2266677324-AFP_A3RK8AG.jpeg?v=1773948883&w=1920&h=1080
7671235,2026-03-20 18:02:18,1774029738,business,UK approves US use of British bases to strike Iran missile sites targeting ships - Reuters,UK approves US use of British bases to strike Iran missile sites targeting ships  Reuters,Reuters,https://news.google.com/rss/articles/CBMi0wFBVV95cUxQVzkwcERqWEFrVDk5YmNCM0hXMHhxRThYYXp0cVFXQ2p3dm1KRmFtZUY1NEZWQVNWQy0yZzJ2eldPaXRIdUVBcFJtRU9KTTV4d092aWlKU1dBSVE3b2lLemFYM29PTVprS1ZqUl9QMDRROHV2MGhCakNEcHVTaVllZnFPNHBvZlhBdXFnNFFHR0VTN3dTNEsxM0VyZ1VVU0ZBTGtKMmZwNGxMYXI3ZGU1UmZHc05OSTZkR0JvUG9RSHF5eXNybTczbERLTmdrRkFlaWNR?oc=5,,https://static2.finnhub.io/file/finnhub/logo/reuters_logo.jpeg
7671341,2026-03-20 17:13:39,1774026819,business,Former Iranian water polo player Soleimani distraught over wrestler's execution - Reuters,Former Iranian water polo player Soleimani distraught over wrestler's execution  Reuters,Reuters,https://news.google.com/rss/articles/CBMivAFBVV95cUxNSjNKUC1kcXdUaW56QVJ0WF9WdzRIdFl6c1ozNVItT3J0SzNhVWZHTWFPUTdGaGMtM0tfOEZNOUJKSF9CVTVtNHQzb0htc0p2MG0xX0tvbVJwLU94c3BNMzVZM1JFM3lVUW5zVVJ2QkZscTB1WlJrRzIxdWRwVC10M0QwSFpFRnlXMWo4V2x2b01SR05YenphZTFlSXY5XzgwMmdkQmtkeDl5RS1ycjhRZFhRalNZcDMzX2FHdA?oc=5,,https://static2.finnhub.io/file/finnhub/logo/reuters_logo.jpeg
7670816,2026-03-20 16:43:20,1774025000,business,Exclusive: Qatar's energy boss says he had warned of dangers of provoking Iran - Reuters,Exclusive: Qatar's energy boss says he had warned of dangers of provoking Iran  Reuters,Reuters,https://news.google.com/rss/articles/CBMisgFBVV95cUxNQkdsT01yRXRwQ2kteUFTSHZhc3VNUlN2TElyY3NlYTd1QjZsQU1zb2I4Xy1xWUZqVnV6a0FDaGVILWpOMnl4VzNkTlV4dTVQd2NoTkVwcmozMzlQcE5manJsMm5rUjJ4TkZrcmQ2NDg0dTVlVzRBUUFBbFlIc2o5N1VpeWRLRkJWR1N3aDQxQ0NqcUwtWElwNnhoNGt2eGZQa3FpVEFYVnBfbVB2VGNKdGNn?oc=5,,https://static2.finnhub.io/file/finnhub/logo/reuters_logo.jpeg
7671020,2026-03-20 16:37:03,1774024623,business,How hard would it be to stop Iran's missile threat? - Reuters,How hard would it be to stop Iran's missile threat?  Reuters,Reuters,https://news.google.com/rss/articles/CBMirgFBVV95cUxOazRsVTl2RnhNTjJaVjRHQkd3SVhhOUpOZk1yTFJ1bEVrUlZ5UFJzUXhSYnpaZVlHMXdHeE1QeW1LQkN0S0dTdzgxc0taSTJqejM3VUZLdVhNRVlncUhnaE1BejNDcURvUGhlaFRjRFBaMUNDcURXV0NubTJqVjE0cS1YemlCMkRZQ3E1R0R4dDVVTGloWEtzV3h4aDdGOUhtRmh2WWo3ejRZb09OV1E?oc=5,,https://static2.finnhub.io/file/finnhub/logo/reuters_logo.jpeg
7670495,2026-03-20 16:24:18,1774023858,business,"The spring housing market is on, but mortgage rates just shot higher. Here's what to know.","This spring's housing market is on, but economic headwinds are pushing back most of the advantage that buyers have gained over the past year in affordability.",CNBC,https://www.cnbc.com/2026/03/20/spring-housing-market-mortgage-rates.html,,https://image.cnbcfm.com/api/v1/image/108251173-1768230550905-gettyimages-2255399335-FLORIDA_OPEN_HOUSES.jpeg?v=1768230638&w=1920&h=1080
7670499,2026-03-20 16:22:05,1774023725,top news,Jim Cramer says this AI leader is a tough stock to own right now — what to do next,"The Investing Club holds its ""Morning Meeting"" every weekday at 10:20 a.m. ET.",CNBC,https://www.cnbc.com/2026/03/20/jim-cramer-says-this-ai-leader-is-a-tough-stock-to-own-right-now.html,,https://image.cnbcfm.com/api/v1/image/108279787-1773856963026-gettyimages-2266693711-NVIDIA_GTC.jpeg?v=1773857028&w=1920&h=1080
7670711,2026-03-20 15:56:52,1774022212,business,NATO withdraws troops from Iraq mission to Europe as Iran war rages - Reuters,NATO withdraws troops from Iraq mission to Europe as Iran war rages  Reuters,Reuters,https://news.google.com/rss/articles/CBMiuwFBVV95cUxORHZrQk1BTFNOV2h1Y1FDV2pPeV9BeHVvVnZNWTdxOGlpWnBCOFlHQnhtamcyUW1tREd6SzVOSmM4UXZ5UjJXWGFHZ0tSZmNacG9jWlJPanIzTm1ETXBlbHZJMmo4b1lvWnFzd3NmaDJHaGxIZy1MSy02cHQ4bE4zNFJSZVlQOTVTTDNyS2dBTC1uMFZwTHg1OTJvSXpQbEZlTVVGdmdveFhXcHVEdW91bGlPd2FmMWlaU0tZ?oc=5,,https://static2.finnhub.io/file/finnhub/logo/reuters_logo.jpeg
7671340,2026-03-20 15:47:00,1774021620,business,"Remote Spanish airport again becomes parking lot for planes, this time due to Iran war - Reuters","Remote Spanish airport again becomes parking lot for planes, this time due to Iran war  Reuters",Reuters,https://news.google.com/rss/articles/CBMi2AFBVV95cUxPZjU3R3kwZHhITzJsc3JfS3lDVzBWRk8zODNZcVJiZmNNbnpzeVJLSlIyaXozSFZHbVhRMXJvTnA4YmE2dkJSWUNMUV9FNHlaZ2lwUDFvWFhyOEgtOVRtWUt1S0czZzkyd1A1SEdkNVlCaEpVQ2Y3OVdhaFFCekx6UktDMUhnd2pjNlhJd3VMSk5MVHU4MlYwVm4tVzJBWmRfa040bnpxRnJhbmxqOGdoMjVsb1BHTXR4X2l4T3U4bkYySXlXSTlneDNOQUdGemtLUUFIWTBQMUU?oc=5,,https://static2.finnhub.io/file/finnhub/logo/reuters_logo.jpeg
7670284,2026-03-20 15:26:30,1774020390,business,David Zaslav’s WBD-Paramount deal payout highlights new 'golden parachutes' for CEOs,WBD CEO David Zaslav could see a payout of more than $800 million after the Paramount Skydance merger.,CNBC,https://www.cnbc.com/2026/03/20/wbd-david-zaslav-pay-paramount.html,,https://image.cnbcfm.com/api/v1/image/107350533-1703170043204-gettyimages-1258651995-AFP_33J949J.jpeg?v=1774009094&w=1920&h=1080
7671342,2026-03-20 15:24:17,1774020257,business,Dubai property sector shows early signs of weakness - Reuters,Dubai property sector shows early signs of weakness  Reuters,Reuters,https://news.google.com/rss/articles/CBMipAFBVV95cUxNRE5TWVZqUWNtMmY4MnpISGdYV2tZX1EtVlJKdUlBbXlZMHJYR1oweVMtME0wZ0daaDExVXYzekI0OGk4cGJsbUZiX0VqSkQzcnV6T2xMRURRWHNEQXBQTHNkWlNqQmFXR0J1YWhuOUhJd0VEMk9GYTNuSDFTZ3dkTzFLVG1Zbm4yYkJlYWViUUE0NVR0aVMwQXpsV3hFT0VXaFM1bg?oc=5,,https://static2.finnhub.io/file/finnhub/logo/reuters_logo.jpeg
7670283,2026-03-20 15:20:44,1774020044,top news,"Elizabeth Warren demands answers on costs, economic impact of 'illegal and reckless war'","The liberal Democratic firebrand ripped President Donald Trump, whom she said has 'dragged the United States into an illegal and reckless war.'",CNBC,https://www.cnbc.com/2026/03/20/elizabeth-warren-demands-answers-on-costs-economic-impact-of-illegal-and-reckless-war.html,,https://image.cnbcfm.com/api/v1/image/108270187-1772060438177-gettyimages-2260791744-ATKINS_SENATE_BANKING.jpeg?v=1772060538&w=1920&h=1080
7671021,2026-03-20 15:17:59,1774019879,business,"Iran Supreme Leader names new year 'resistance economy', denies role in attacks on Turkey, Oman - Reuters","Iran Supreme Leader names new year 'resistance economy', denies role in attacks on Turkey, Oman  Reuters",Reuters,https://news.google.com/rss/articles/CBMizwFBVV95cUxOM21lbDVXVUtpNzljSDBQeTl2ZTZldEw4c2JkMUZwRXBRbGhOdUxtLWhSLXRVaDk4ckl3VnB3VEVaS2hYVEFMbHFWSDByeTJQZWdfcWFIX1VJNUhaM1lULXBmT0lJWlc3VFhRZ1ZjcVQ1cmVQVnVXdzlHcEU5dDQ3TFFUNHJERTdhbmZSRlZILXdvUW9hVXVtRUN0SXVUcEJuS3lXZlg4OWhZZldGUGlqMFFJWmJNWWJGOGE2TW5hbG1lQXdVWkhMTmQ4WFlSM3c?oc=5,,https://static2.finnhub.io/file/finnhub/logo/reuters_logo.jpeg
7671749,2026-03-20 15:12:51,1774019571,business,Trump says there are no leaders in Iran left to talk to - Reuters,Trump says there are no leaders in Iran left to talk to  Reuters,Reuters,https://news.google.com/rss/articles/CBMikgFBVV95cUxQZkl6aHhQcDZRTDlmQkZIT21Oa014dVYtYS11Z0J1d0RkVDJKQzIwTWpHYTEwM3BhS2JFdGFJdXhGUURBeUFtU1BCMHBBMTJPYVBkNG9YVzZrQ0ZZMXFQaDQ1QmZqVTVGRWR4elc1M0lBeU1PdnlRZ0sxWTN4djFVTEFhQTcta05mOUtub1Z5U2dEZw?oc=5,,https://static2.finnhub.io/file/finnhub/logo/reuters_logo.jpeg
7671124,2026-03-20 14:56:10,1774018570,business,NATO says it is 'adjusting' mission in Iraq after report of withdrawal of personnel - Reuters,NATO says it is 'adjusting' mission in Iraq after report of withdrawal of personnel  Reuters,Reuters,https://news.google.com/rss/articles/CBMixAFBVV95cUxNZ3g1QkZBMDFLdTlqeGUyam5nVE9fRGlSTTV4OGtWTHNudVRnejRKRmJRQWRrbDE5bjhjdVdpSEZidm1LVjFiaDIxYlR6YXZvdzUxSU5KNmIteGdhOVI2eTBxd0xkOWY1dmN5U1pXekRZeGphbVc3MEJzZlBxV0c5MXZWX0JiMXZmdkpXcHhVZmhOTWJNS1Aza09JU21kZkxGa3pNcUUzVFBxWjF1SXdPLXYyeFlobERSSFpBdHZveTlQNUJ5?oc=5,,https://static2.finnhub.io/file/finnhub/logo/reuters_logo.jpeg
7671022,2026-03-20 14:54:19,1774018459,business,Iran's new Supreme Leader to issue message within minutes for Persian New Year - Reuters,Iran's new Supreme Leader to issue message within minutes for Persian New Year  Reuters,Reuters,https://news.google.com/rss/articles/CBMiwgFBVV95cUxNRGVWWkFqbmtuc3JlYjN5MXFaWkMwblhaYWtLTU9ZY3BsUmVfNzQzRGhRdFVNWHh1cXhpaVFlbm1MdnN4UDBySFhhMGRRak9xMlBMUldiWVpfMDhZQlN3a3BtZlRTQkNJdDhzOGp0TUtRaVV0Y1pyQXd6bTBwNXE5eGxnZGhWXzRIYWtmZ2hZZ3FGang4VDIxQU83TmdnZ1VJTXNmSkxUVXlCWVZTa0hPS2ZtdG5uYzdpckdDZWNkSFVvZw?oc=5,,https://static2.finnhub.io/file/finnhub/logo/reuters_logo.jpeg
7670293,2026-03-20 14:29:28,1774016968,business,"US to deploy thousands of additional troops to the Middle East, officials say - Reuters","US to deploy thousands of additional troops to the Middle East, officials say  Reuters",Reuters,https://news.google.com/rss/articles/CBMiqAFBVV95cUxPX3hIQXE0X0hDSWtZMkkxMU5ZR0xPOUNzY2tMNklXMmxYWGVZOHp1UHd0WDhvVkhIMW90Zzh4aXEzYi02QmpHcEtvVU1YQlZuUm1SeTlKRzFRcFpqd05WYlNlZG50SnN3U1U5SWNqMWpCcnFQdENXeEE5NVJ0SDdRVGNKY2VuMjVUUUttbXR5aDhGRFpNUGVBemdMbDFNVjRMTHl3REsyTmo?oc=5,,https://static2.finnhub.io/file/finnhub/logo/reuters_logo.jpeg
7670070,2026-03-20 14:23:00,1774016580,business,"Nexstar, Tegna merger closes after winning regulatory approval",Nexstar has closed its $6.2 billion acquisition of Tegna after winning approval from the Federal Communications Commission and Department of Justice.,CNBC,https://www.cnbc.com/2026/03/20/nexstar-tegna-merger-closes-after-winning-regulatory-approval-.html,,https://image.cnbcfm.com/api/v1/image/108233565-1764349433841-gettyimages-1234736300-PGONCHAR_W6645.jpeg?v=1774009423&w=1920&h=1080
7670291,2026-03-20 13:53:16,1774014796,business,"Trump calls NATO ""cowards"" over lack of support in Iran war - Reuters","Trump calls NATO ""cowards"" over lack of support in Iran war  Reuters",Reuters,https://news.google.com/rss/articles/CBMimAFBVV95cUxOMkFlM1VHM0txVDRyak1raV9VcnE2N2VvUGtGZ0h2Q3JSbTgzS1FVQ1Y2cGRUS2xBYXFKYmlTRV90d25CM3BTRGlhUG9mUjRldV9hbC1uZEtRY3BBbTY0OWpIQWxZTTFxcXIxZ0h6cGhkZ0FMdXJzWE1MdWotWXJOWktqRmZDcmg4YURseGNDWmx5bC00ZjRMUg?oc=5,,https://static2.finnhub.io/file/finnhub/logo/reuters_logo.jpeg
7670919,2026-03-20 13:27:00,1774013220,business,"Attacks on major oil, gas sites in the Middle East - Reuters","Attacks on major oil, gas sites in the Middle East  Reuters",Reuters,https://news.google.com/rss/articles/CBMiwAFBVV95cUxOOG4tcXhwUlRtUFFoNk80Z0c3dVpfMDdGR2lqTU9iT29CTW0xYmM1Y05MeEVaUmdTSVZjbUxDRE5pRW5ucHlCNnRVbGdKMTdNVGpQQ3E1Zk9lZDFfdGFnbGtodTFuOFNvY0hVSnQ0UEdmQWVScGR6WG8yYktsSVQwSEFySTZyQUtkaVBZVTRXS214RTJ1U0lrLVBEeVFoalllSFVsNWdCQWg5RWxaeGF6eWlxMVhoMG90WF9NX05VNmQ?oc=5,,https://static2.finnhub.io/file/finnhub/logo/reuters_logo.jpeg
7669742,2026-03-20 13:09:00,1774012140,top news,"Fed’s Waller says he doesn’t support rate hikes, sees inflation cooling in second half of the year",,MarketWatch,https://www.marketwatch.com/story/feds-waller-says-he-doesnt-support-rate-hikes-sees-inflation-cooling-in-second-half-of-the-year-3ca9f671,,https://static2.finnhub.io/file/publicdatany/finnhubimage/market_watch_logo.png
7669741,2026-03-20 12:50:15,1774011015,top news,Jim Cramer's top 10 things to watch in the stock market Friday,Stocks continue losing streak as oil marches higher amid escalating Mideast conflict.,CNBC,https://www.cnbc.com/2026/03/20/jim-cramers-top-10-things-to-watch-in-the-stock-market-friday.html,,https://image.cnbcfm.com/api/v1/image/108243317-1766011866158-gettyimages-2251801013-FEDEX_EARNS.jpeg?v=1773874188&w=1920&h=1080
7670502,2026-03-20 12:48:01,1774010881,business,India sees Qatar LNG supply cut after Iran strike - Reuters,India sees Qatar LNG supply cut after Iran strike  Reuters,Reuters,https://news.google.com/rss/articles/CBMiowFBVV95cUxPeUxTbXdoZURlLUFRcnFaYXRQX3dxekd2VllrRGpQTjVGUmRpUTBIXzVXTHZnODZ3cDNTQjlsaGhyQkNqOUt5VDdJR0ltOUk0VnZnTjVGTFBUaldBVkZuZ290elNpUVBCcWFuRUctdG1MY3h1UWNKMEUxMDdoYzg2LWNUd3h3UEtiLW0xaXVWU3FLcGxKOG9QeGlYa3ljN0x3YlFN?oc=5,,https://static2.finnhub.io/file/finnhub/logo/reuters_logo.jpeg
7671236,2026-03-20 12:39:02,1774010342,business,Fed officials say Iran war obscuring outlook as traders price in rate hike - Reuters,Fed officials say Iran war obscuring outlook as traders price in rate hike  Reuters,Reuters,https://news.google.com/rss/articles/CBMi2wFBVV95cUxNUmZhRkl4THAteFNCdmpKdko5RmR2MHNsSFJ4N244ZWFHMjFlelFmLXZBTmhPQk12d3RDZGdaMUtQaFMyMHR2N0JMVU9NOVhXNFhHeFBpTm9MRFJrd25IRDJsVldqNExUc3RPbm5vQk51VGItV3ExRk1UVk50aFpURVRlcmRDV3kzMXhqZkVSR1BNeUZQQ2haMDU5ckpWN2JkQk1qSS1NWVhpbWtFd1dkQzBSWEw4UXdRNTJ0UWZxVzBhQ25xcC02bWF2RWgzNlBtb0p2ZjBWTEw5SzQ?oc=5,,https://static2.finnhub.io/file/finnhub/logo/reuters_logo.jpeg
7670182,2026-03-20 12:11:49,1774008709,business,"Switzerland halts weapons exports to US due to Iran war, citing neutrality - Reuters","Switzerland halts weapons exports to US due to Iran war, citing neutrality  Reuters",Reuters,https://news.google.com/rss/articles/CBMitwFBVV95cUxPOWNhQlJuenY5RExVUDhHdlJwTjBxQjhjNUJpRkhNcDh3RGZCRU9mUUJ5blA2Yk9IUEZYNm0tc1duanJCVXkwdjRVQmxEcmxpYnZvSTJ2c1U5ZTlkei1KalNiUDZkNGhhRXpkOEVnV3RWRl9NS1NMNDByOGdZck1VV0NvYTQ2UnFDRENEUm1TM3c3Q2tpS0UtdGlnRnFYU3QzU3RTUG5kVThwMV9yTzJsaVUybmo0NFU?oc=5,,https://static2.finnhub.io/file/finnhub/logo/reuters_logo.jpeg
7670292,2026-03-20 11:38:08,1774006688,business,Netherlands tightens security for Iranian dissidents after shooting of man critical of Iran authorities - Reuters,Netherlands tightens security for Iranian dissidents after shooting of man critical of Iran authorities  Reuters,Reuters,https://news.google.com/rss/articles/CBMiygFBVV95cUxOa1pjbnpVUWhETERIYXJSWDk3TWZtdTVaVlpFQzNMYlY5RU9BLV9Cb1hwSEc4dHFTODZiU3VqcFN2ZzZpUVRITWVvQWZKRXZ5ekhaMmpDQ0hoMWU0NUdJdlJFdTlucXhudXh4NG53T29QbEFOYWMybHhXRW5uMVoxMzVoc2FrNjU5LXRSOWs5OVJQMVRBUkNBZWZtVzRXOW42dWpoSjIyME5qb0xMdTZRb3FfcXNTaHNFUHk5NUNEb0xyR2x3VC1jYUtR?oc=5,,https://static2.finnhub.io/file/finnhub/logo/reuters_logo.jpeg
7669745,2026-03-20 11:26:06,1774005966,business,"Removing sanctions on Iran oil will bring supply to ports, US energy secretary says - Reuters","Removing sanctions on Iran oil will bring supply to ports, US energy secretary says  Reuters",Reuters,https://news.google.com/rss/articles/CBMiygFBVV95cUxOV2xiUDNnNFhKU05US0lXUWFoZWFrRXVuUzlER2xlcU9RRUd2QnkyVzk0Zm9vTjRtdTdwWUktdk5ZMzV5aUtEclk5VTFza1JuZTBHMkZ2cjhYc3pReE9ORnFsUXFZNVBzMWxxOFFob290UEpIUC03NnRZa0h5UU0wNnFFYnFCWTFhZ2NhdWRPODdVa1ZlZDk5Ul8zWmUwY1RLb0k4YlZzSUNiZnpsQXFCLVp6aks1N3hncUtqcU5RaktBaUg0LUZobXBR?oc=5,,https://static2.finnhub.io/file/finnhub/logo/reuters_logo.jpeg
7670075,2026-03-20 11:17:44,1774005464,business,Indian airlines seek fare cap removal as Iran crisis hits operations - Reuters,Indian airlines seek fare cap removal as Iran crisis hits operations  Reuters,Reuters,https://news.google.com/rss/articles/CBMiswFBVV95cUxOYlNpRTQ1V2J0NkZsUnJmVzdYcjQzYWlnSnNYSDlZd3ZpTmpLSzhWWGY3QnA2dEZfcHJlakNNSUxYYVRDU1VUbkptTkh1cjM5WWp5YldQZzlLRnJrYkhrUHdrYzVfamZOcGV5TllXZTdNM2hfSkVXal9zaVpQZzM4WlRnUVQ5NmZmRHZKaE1pTmF5b05JaXduUEhwcXEySThTWTRSUG5lZzItS3NjcnZhSDhyZw?oc=5,,https://static2.finnhub.io/file/finnhub/logo/reuters_logo.jpeg
7669527,2026-03-20 11:09:07,1774004947,business,Which economies will hurt most from the Iran war? - Reuters,Which economies will hurt most from the Iran war?  Reuters,Reuters,https://news.google.com/rss/articles/CBMimwFBVV95cUxQelIzc1paaWFaa1JBRjlJWlJiTU9GRzc5WTFoNlBfbXgtOUh0bkQtLXotNzlXR0dUVmREM2ZlWURlMG9WUV9HQ2tRVXVTbUJiSDhQM0xCblRGSXBOekhEX0Q1TEZJVU1BY21wM21fRzYtN3l4ZVhua1MwTS1lTWlXMjliWlhXcGJqSmJYTjdaQkpPWmtkY3dVZjNZZw?oc=5,,https://static2.finnhub.io/file/finnhub/logo/reuters_logo.jpeg
7670294,2026-03-20 10:51:58,1774003918,business,Wall Street skids as Middle East turmoil fans inflation fear - Reuters,Wall Street skids as Middle East turmoil fans inflation fear  Reuters,Reuters,https://news.google.com/rss/articles/CBMitAFBVV95cUxPb0Z1bXBoUUtPbDhHQjBSbnFKMjkzWjFkbVg5Mm5VbVAyb2NReW9YeXpTbXFFbUlIZF9GZmplRFdTVGJueF9VNEhMLXpUXzhrZjd4bGJSR3Rwc212c0RqTzlFUjEzeEtpazZreUxiU1IzV3ZfX0padFg0QXpKcU1MVVc2M2VvWTU3Y2ZpazRkQm9hZC1peXdMb0w4aHlnV1ZHenJYUjRucnRkOUlYQUJfbXNGZUw?oc=5,,https://static2.finnhub.io/file/finnhub/logo/reuters_logo.jpeg
7669746,2026-03-20 10:03:29,1774001009,business,"US airlines lean on demand, fares as Iran war rattles overseas peers - Reuters","US airlines lean on demand, fares as Iran war rattles overseas peers  Reuters",Reuters,https://news.google.com/rss/articles/CBMitgFBVV95cUxNS0RvM1RPQ1dVMkxuWmZmNlpFR3M2a0FnV09NS2R4XzZTa00yWDM0ajJUbHRRZVFBMExZSDhfclZNMzhUUGtSS1h4Uks3WkEwWmZuOGpIV25uTHdIenl0UlRUY3FLUmlOU2xCQko1MjdjY1k2bEhMbVM4N3NaNEFsV21VNzBucFJkdVlScUNUbTEzWk53U05QWVh0akFyNm1jblVBbmlIdXdPM0Uzc1ZNc2F2LUpidw?oc=5,,https://static2.finnhub.io/file/finnhub/logo/reuters_logo.jpeg
7669528,2026-03-20 09:54:26,1774000466,business,"Trump mulls Kharg Island takeover to force Iran to open Hormuz Strait, Axios reports - Reuters","Trump mulls Kharg Island takeover to force Iran to open Hormuz Strait, Axios reports  Reuters",Reuters,https://news.google.com/rss/articles/CBMiuwFBVV95cUxNMk5IS3kwb3gzYXNFX3plUDRNR3lKbnhhS3d6cDc5Uk5pck1DWmRkSnBPNVp0T2xVUEdpdWNKUUFtZzlnZEtGb21HVlE2Qi1tSFdHdlZnT2xXZENNbXRkVENicjR2a0pRUDdtOVVYZUNoOU92ZEJYcDF3cTFEV1lBNEx6RERBNklzU1JMajJOX2JZLW5zelhEN3RwUFdiUlJaM2c5Umk4WFAyM3BQMEtPTThPaEc5bWU3Szg0?oc=5,,https://static2.finnhub.io/file/finnhub/logo/reuters_logo.jpeg
7669857,2026-03-20 09:30:26,1773999026,business,"Detained Britons used as 'human shields' in Iran war zone, family says - Reuters","Detained Britons used as 'human shields' in Iran war zone, family says  Reuters",Reuters,https://news.google.com/rss/articles/CBMiqgFBVV95cUxOakxIdmFFMGpLaUVFMjBCMElrMHBocXBJemlBcVc2SDR1TXhwV2VsOHpsbHNTU1RBaVJMZUVqZUJ5ZUFuZWhISUVGazlpd0pQZlJXQ3drYXUyNWY5b0xtNGJDY0ZndkxwSFJKRXRXSGNEWW1pc0tOcnlMd3N5ZzZOemlvWTlUTGc0QkxUYWZOMVRtaUU5VldERTVpMjg4ekdxdEs5YklTamVxdw?oc=5,,https://static2.finnhub.io/file/finnhub/logo/reuters_logo.jpeg
7671237,2026-03-20 09:22:24,1773998544,business,Israeli refinery owner says essential infrastructure damaged in Iranian strike - Reuters,Israeli refinery owner says essential infrastructure damaged in Iranian strike  Reuters,Reuters,https://news.google.com/rss/articles/CBMixgFBVV95cUxOMV9RczRIVHBOa3BiNnMwLTJKTnBZLVRvNk5YYnNlcVlLdmd5cUFYdDVmSmJkRlM3ZXZBbEFhbkxjaWdMcFRNOEdLeExCUlRUQUFiVlNSazItV0xSallCblpvOV9OM2JpOXc1S1BnOHlLcVF4U2R0MXJtTklKdlYyLWRyV1VUQi1kSnp4My1kaUQ2NEQwNUZ6NHptbXNqbGZTVDl3S1FIdmhNMld1c19KUXFFQURvQnZUWmNLaVhlNkpiU1RCNWc?oc=5,,https://static2.finnhub.io/file/finnhub/logo/reuters_logo.jpeg
7669209,2026-03-20 08:24:38,1773995078,business,Spain sets out $5.8 billion support package to counter Iran war's impact - Reuters,Spain sets out $5.8 billion support package to counter Iran war's impact  Reuters,Reuters,https://news.google.com/rss/articles/CBMipAFBVV95cUxPbllRZ0FrRHpsZ0VkbEs1dDZCSnMzam1lSGR3alRaMlVoX01GX2ptMm1PaTZMMDZvbVRrc1FubkFwTHo2SHNuamhmQk9ZeHU5bDExZXNUcVFMUnJEdGJ1SDZKbUNHb0hTZHEzNGVmUWxocktJOU1rM0RFazNSdThfMHlKYWtyRU9vb1dTdmprVjNCU0Y4TXRBdjUxcDJfTW4wdHdLSA?oc=5,,https://static2.finnhub.io/file/finnhub/logo/reuters_logo.jpeg
7668785,2026-03-20 07:56:30,1773993390,business,"Spokesperson for Iran's Revolutionary Guards killed in strike, state TV says - Reuters","Spokesperson for Iran's Revolutionary Guards killed in strike, state TV says  Reuters",Reuters,https://news.google.com/rss/articles/CBMivgFBVV95cUxPSEZKbEdzOEx2OEViWmJmNHZQOUtJOUMzRl9lMnNpWEtXSncwa0JlQmNWazc2SlBGcEllXzBIQkVmS0VJX0s4WnJfSGZnc2t2YVB1eU1jNjlrTDFVZE1YUTJyT2Z2UVNIZm9IeTBWS0liOWFSdXlIZS1taG9JRmVHc0hXUDZDcVpKalFLODh6dkVpWnA2Q01xZmhzZUYydW9aRnNrWWhVc1Bld2NVWlRwQ2lNRE9RbEVZdmtSQ1VB?oc=5,,https://static2.finnhub.io/file/finnhub/logo/reuters_logo.jpeg
7668784,2026-03-20 07:35:51,1773992151,top news,Trump invokes emergency powers with $23 billion in Gulf arms sales as Iran war wages on: WSJ report,"The U.S. approved roughly $23 billion in weapons sales to three Gulf nations, moving to bolster their defenses as the Middle East war continued to escalate.",CNBC,https://www.cnbc.com/2026/03/20/us-arms-weapon-sales-middle-east-iran-israel-war.html,,https://image.cnbcfm.com/api/v1/image/108171576-17525076682025-07-14t153843z_737564474_rc2fmfap98xr_rtrmadp_0_ukraine-crisis-nato-usa.jpeg?v=1752507695&w=1920&h=1080
7670503,2026-03-20 07:33:33,1773992013,business,UK borrowing jumped in February before Iran war risks to budget - Reuters,UK borrowing jumped in February before Iran war risks to budget  Reuters,Reuters,https://news.google.com/rss/articles/CBMirwFBVV95cUxOcjdMeVFqcnhTYklSeEw0bmtmcjBwbVBzajdVRlZkYmNLeTZIdHpFSmdqU0ptVjdNU0dnLU1zQmZxZDJpLVFJZktWOHBaNk9CSlRxLW1iWmNGNzVFMzlEUUZYMWZGeF9YaGJTTFZUeEJ2eW5GTWhXNzFZYTJ3aDRSYWRvNUloY1Z0ZkNXTUlub3Q2bEFJbFVjZ3M2dEw2UGVkS2NrSERpZTVKdXJLS2V3?oc=5,,https://static2.finnhub.io/file/finnhub/logo/reuters_logo.jpeg
7668786,2026-03-20 07:03:12,1773990192,business,War in Iran threatens fresh food-price shock across developing world - Reuters,War in Iran threatens fresh food-price shock across developing world  Reuters,Reuters,https://news.google.com/rss/articles/CBMiuwFBVV95cUxNUmsyNFJRN1J6NDMtV2ZPdDFJb3ZjclFjZUpaQWRDang2QUxZSHFaQUNuMG9ZNXFOZ2ZSVjVCNDdGRF9WTzB5REFVX3l3Y0hmc0ZYNHl5cDRINDZTZmdQOC16MXVoZEZNbUFhSGFka2FHdlFCbl9NaHhMQU1EcUxQNlB1c1dqcHV3b1QtWXlfbFVsbXY0THgwNjQ1UE5IX0kwNWt4YUNsbzJJZURIbnZnRTFkUnNaYmJtVzFV?oc=5,,https://static2.finnhub.io/file/finnhub/logo/reuters_logo.jpeg
7668787,2026-03-20 05:05:00,1773983100,business,Iran conflict could flip China's deflation into 'bad inflation' - Reuters,Iran conflict could flip China's deflation into 'bad inflation'  Reuters,Reuters,https://news.google.com/rss/articles/CBMitgFBVV95cUxPREJoblFTaldtZ1lIM1pJR3pwRjN2dlVpZk1ZRGhVcTFZaXg3eEFlMk5UVzU2anlXNEZvMjFYNE5FbDFtQmhMZ0tabFRlNloxTWNYOVVXSkpmRnhIT0JYdXVqOFFvVGRvYmt6YmhVMGxjM2JORWtCWTFjV1QwZUZ5UV9QUVpLeHBaal9NT1FUYm80V0dUSjEyR29BbHNKMEVCWEpacmdkcVFkNEpyUHZfUEJSZmhqZw?oc=5,,https://static2.finnhub.io/file/finnhub/logo/reuters_logo.jpeg
7668888,2026-03-20 04:10:22,1773979822,business,Vietnam accelerates shift to ethanol fuel as Iran war drives up energy prices - Reuters,Vietnam accelerates shift to ethanol fuel as Iran war drives up energy prices  Reuters,Reuters,https://news.google.com/rss/articles/CBMi4AFBVV95cUxPajJPUXpKci0yUU5iNmRvN1RXN3Q5T1ZrOTUwS1ZXaDFkeEJLRzBOanV5T1FycTN3RmRQYjhXVU4yUHNPTHIxRzlRc29CQkJ4STRieTVVNFVud2czY1VGWnZaOHh5VjRjcGRCSFRZbG1GZVZtZ1RGaU5HZ1JXSVpmNzV5NGtjRVBNZTZCVVJtUkphRFBWTWxKaHNyMXZYYjNua3lxTVJVUU92aXZvejBzZld2S1JTR1V5Q2h3cTBLTG50VVY5dGRNbXpMVE5ZTmktNzlzZG9wQXo1eG45NGlTaQ?oc=5,,https://static2.finnhub.io/file/finnhub/logo/reuters_logo.jpeg
7668266,2026-03-20 03:36:00,1773977760,business,Rupee sinks past 93 per dollar to record low as Iran war risks deepen - Reuters,Rupee sinks past 93 per dollar to record low as Iran war risks deepen  Reuters,Reuters,https://news.google.com/rss/articles/CBMiqwFBVV95cUxQc1psYlltUVh5ckFhNXBZQ1JsZVBKRDBEWEVQb1I2MHBHcXJwcUJuTG1Pb3lfTmtiNkJhOVAtSHdGbWVIbEF1emVrWjNWNzJCNTFJTmo3d20tTUZnTTF3ZnVVektkdGwtNHVKYm9ZNHFVVjVrUlJjYmFBbHNvMnNGMXZhTG01V21Xck0xSi1SVFdjamFweW5WUzdxcDAxV3IzbGNTTHM5Um4waDg?oc=5,,https://static2.finnhub.io/file/finnhub/logo/reuters_logo.jpeg
7669208,2026-03-20 03:00:00,1773975600,business,"Iran war, HDFC Bank offset value buying as Indian shares log weekly losses - Reuters","Iran war, HDFC Bank offset value buying as Indian shares log weekly losses  Reuters",Reuters,https://news.google.com/rss/articles/CBMingFBVV95cUxOZ25CY0hZMHQ0ak1sMk1SUjBoWEhhUHIyVWRIZnFXdFVxVFJlUVVUSUNNVUZ6MHRMOGlsbnpTLUUtUHBFMm5rT0htT21ueVlpSndDN0FUVkMtLUVPZ3ZyVG54V0RsbWRZS1RzTzNZaTM1MS1vVl95MEtLVmtCOU9oZzFVa01ucktvNnEzN0NSUW02c1JaRkhGRzlKdVlkUQ?oc=5,,https://static2.finnhub.io/file/finnhub/logo/reuters_logo.jpeg
7668583,2026-03-20 02:58:29,1773975509,business,"Iran striker Sardar Azmoun kicked off national soccer team for disloyalty, say reports - Reuters","Iran striker Sardar Azmoun kicked off national soccer team for disloyalty, say reports  Reuters",Reuters,https://news.google.com/rss/articles/CBMiuAFBVV95cUxOU2RWWTdROG1PRk93OGE4aklfMjNHN3NBSjlQOUY0VW03OGpVSVo0N0lVMEEwcEZ0Sk8zbEVqd3h4dXRmem44ZUQ2U25udXZ5eW9QZUstRE1Jdml2NGRZeFhPVHZpdTdBbS1KYVpDYjA2am5vbVRmOVFMM2cyVEpEMzZtLXJjQUJ0c0RMX1lYWEpqMXR4VFdPS2h1Y2M2bUFlR25uai1sTzd3YVZ6bzB5LURmZHQtNFU2?oc=5,,https://static2.finnhub.io/file/finnhub/logo/reuters_logo.jpeg
7667756,2026-03-20 02:19:00,1773973140,business,"Stocks tumble, bond yields jump as Iran war fuels central bank reassessment - Reuters","Stocks tumble, bond yields jump as Iran war fuels central bank reassessment  Reuters",Reuters,https://news.google.com/rss/articles/CBMigwFBVV95cUxQaGwtQzBNN2x4bU5Ta2RuNnFJVjFkMW1HMndZT0VCN0gwLWtQRjdmMjVpcFJHZEhQb0c3dmxRTWxpTFRqNzI4Y25PbFRYcVZfUjFtcHBZaW1fUm0tZEZxWXNOMnFteHZmMFlBY0hyTHRHVzZ4RWpwMF9jSXlaQnRxMlJGaw?oc=5,,https://static2.finnhub.io/file/finnhub/logo/reuters_logo.jpeg
7667858,2026-03-20 01:04:00,1773968640,business,"EU eyes energy tax cuts, subsidies to ease Iran war impact - Reuters","EU eyes energy tax cuts, subsidies to ease Iran war impact  Reuters",Reuters,https://news.google.com/rss/articles/CBMiygFBVV95cUxNWGF4dklHZzNLMk9GQzhqOE1LZ3NKVGc4UHhrRkR6cEQzVGQ1Uy1XRHU1TFF2TVlGb2d0M2RzVUpjWTB4MnFkeXZyWjBzd0NJQjd3a3prMy1HX1hRaFBrSXQyTk1rY3Iydk9venFiS1ZBOGFBckR1TjZNSkdxUjBPNFUtdkhKb0psNTk5NU1zRU5qMkp4YVU5Z2Z3bVlOc2F3UXNXVHowSjRNYW5YVFN3WkxVaHg0eVdyU0QzS2xFbTlCdG8xUkh4cG9n?oc=5,,https://static2.finnhub.io/file/finnhub/logo/reuters_logo.jpeg
7667136,2026-03-19 22:46:33,1773960393,top news,Jim Cramer says 'sometimes you have to hold your nose' and buy stocks,Cramer points to the S&P Short Range Oscillator's extremely oversold levels as a marker for a potential future rally.,CNBC,https://www.cnbc.com/2026/03/19/jim-cramer-sometimes-you-have-to-hold-your-nose-and-buy-stocks.html,,https://image.cnbcfm.com/api/v1/image/105946819-1559598727752img_6289rr.jpg?v=1689203844&w=1920&h=1080
7667141,2026-03-19 22:44:54,1773960294,business,"UAE says it dismantled 'terrorist network' funded by Iran, Hezbollah - Reuters","UAE says it dismantled 'terrorist network' funded by Iran, Hezbollah  Reuters",Reuters,https://news.google.com/rss/articles/CBMiuwFBVV95cUxOMV9iRVVwc24tb0hieW5ZNG5nV2pBSWRLSHJQZWkzZWRDYWdyczhieFhxb2pPOFBVbTJJclJSZ09YOWhVQkVseV9wTmdTRW5wM0lPbmd2LVpKcnpfbGNnQTlrY1hHdXBMeEdpWDhYeW5nZy1wYXVTdURMc05JSVl4YzZxYXBXOTFTWVIyQnJPQ0E1bm4ybDdoME9BZlBPS2NVVEdLS2s2UU9GNXFENDVjTmFOTEFIN2gtQUNj?oc=5,,https://static2.finnhub.io/file/finnhub/logo/reuters_logo.jpeg
7667452,2026-03-19 21:58:54,1773957534,business,"US sending Marines and amphibious assault ship to Middle East, officials say - Reuters","US sending Marines and amphibious assault ship to Middle East, officials say  Reuters",Reuters,https://news.google.com/rss/articles/CBMiuwFBVV95cUxNQ0RuYWhOaFhBc09ybTZKMW5FZG1YdzMwcHpKUEtPdGl1RkNSanUyZDVnVHZMS2dROXo5MjRBVE14Z0MzTURqcjBFOWRFSzVMUGpjUThPcm0yUzFBSlNmU1ZFQS1vbWtzWkRza0pHOHk5NzYxdFg4Q0xEN2cxNzNaNFpuNTVJQU1aOEZwcDctcXBXVnowVWtkb256bjZMcDdndmZUajlXR2VEaW00NFpxbUZ3a3hMdkJQMlg0?oc=5,,https://static2.finnhub.io/file/finnhub/logo/reuters_logo.jpeg
7667143,2026-03-19 21:26:53,1773955613,business,"Prices for oil, fuel cargoes smash record highs as Iran war chokes Middle East supply - Reuters","Prices for oil, fuel cargoes smash record highs as Iran war chokes Middle East supply  Reuters",Reuters,https://news.google.com/rss/articles/CBMiyAFBVV95cUxPVldKaVdkWXZRVFZIMXlJNy0wUjEwOXBQRGpLUlZJZU1KU0NleE9LZFNabUpRU01POWthLTZqdWNzSUhXb0RHLUh1d2V2RVgtMTlyX1RSN2Uwd3JweTZiWmNiTDJ5a21TT3hVREV3Rm5sMjJrYlRTLXNsdDhnZ3FRdXZkajB2bXYySFlVcnptYmkxMmFXejFmWERfa25xMFFNSTJVYm1kTUs4QVVxOGZIQlp5em9WZjBqeEFHMEZ4T1N0UFk1eGZpcg?oc=5,,https://static2.finnhub.io/file/finnhub/logo/reuters_logo.jpeg
7667142,2026-03-19 19:58:08,1773950288,business,"Cheniere, Venture Global shares surge amid Iran attacks on Qatar LNG infrastructure - Reuters","Cheniere, Venture Global shares surge amid Iran attacks on Qatar LNG infrastructure  Reuters",Reuters,https://news.google.com/rss/articles/CBMiywFBVV95cUxNNVRMbHVXUnFrSE45MHN2d2NQdEJqdW13dC1STmtiNHdTZWxOdlNwTmVtQXNzbVM0UUhSZjlWU3kxQVZkemx0aGpsZTlrel9iZmVfdlVUYXdkOEpDNjRzeXBkUFlOcGtlTFdtSnhBc01RX1ZwMnNydl9kcVo5RWhYYVIxdHBuQTk2cFp2RXltaWNHRTlxbDhRY1ZPdVl4RnVhc1ZnSXd6M3V0cFZyS2JXQW91bFl4Q240Q25QRWZ4ZTJ2THU1aWNnY29Odw?oc=5,,https://static2.finnhub.io/file/finnhub/logo/reuters_logo.jpeg
7667453,2026-03-19 19:56:16,1773950176,business,"US pump prices jump 30% since Middle East war began, headed toward $4 a gallon - Reuters","US pump prices jump 30% since Middle East war began, headed toward $4 a gallon  Reuters",Reuters,https://news.google.com/rss/articles/CBMiwwFBVV95cUxOMU5VRk9ySVVENlhGWXl3RnBjbThPTE1HRURtS1AxRm9hMGFrVWpJTmVmN3pPX19DMVYwNHlHVG1PVnVoUHB6RDhCRmliMjM0R3B5TU91U0V0bHFndlBSZGw2TEZEZDZNSEtQSkFDZE5taTNvdGVfQTlDYzVVb2JZZEI4bGc0Wk5CSWdmSXhvanhvYmV6Ml9HeTdZTmhNMEpzMTBPUkItUkJuZV9ieXZLMG9DSVp1TXZXbUdBeTN0elBRQ0k?oc=5,,https://static2.finnhub.io/file/finnhub/logo/reuters_logo.jpeg
7666312,2026-03-19 19:31:07,1773948667,business,Huge Trump Iran war funding request faces stiff opposition in Congress - Reuters,Huge Trump Iran war funding request faces stiff opposition in Congress  Reuters,Reuters,https://news.google.com/rss/articles/CBMisgFBVV95cUxOd2ZqZDl5RnctLUxLSGdtZzRVM1pYT3B5UE93cEM5Q0dhR1pCRFU1OXBwWkV3bUEtd2w4WUlBUFROTS1GMVpQZ2RuV0pQUlh0MXY5Z2t6S1RUMjJTV3NjR0FXX014dHV2YXpCakl1a3FHNHpfOC1DV0VNY3E3VjdFdUFjN29tSlFmSUdHMlpoaW5ha2VJV0EyNkEzQmhHWVFuU0ctWHhnWGZablJrbDNLVnlR?oc=5,,https://static2.finnhub.io/file/finnhub/logo/reuters_logo.jpeg
7666311,2026-03-19 19:16:24,1773947784,business,"Netanyahu wants oil, gas to flow through Israel post-Iran war - Reuters","Netanyahu wants oil, gas to flow through Israel post-Iran war  Reuters",Reuters,https://news.google.com/rss/articles/CBMitgFBVV95cUxPcjM0WU91Qk16Zk5CZjFNTHRQYUJLYm5lMHEtcW8tWTlWcVFDV3RCSko5bHo0S3BRLXJvdHlObGF6UmxnQkNhejJfajIwdEF3bWhGUTYybWx1aExDMV9Xb3VoRk1YaXdGaXk5RlBQUEE1RmN5WEt1QjdBTU5QREtDamhCSXBrNmYxMUVQOENscERVNTZvSUdGQUF3dFd2VVlVRkxOUjdlVUh5U0s4d1VORlNTNC1VQQ?oc=5,,https://static2.finnhub.io/file/finnhub/logo/reuters_logo.jpeg
7667553,2026-03-19 18:55:21,1773946521,business,US crude heads to Asia via Panama Canal as Iran crisis redraws trade flows - Reuters,US crude heads to Asia via Panama Canal as Iran crisis redraws trade flows  Reuters,Reuters,https://news.google.com/rss/articles/CBMivAFBVV95cUxPNGFDcTYxY1FqTzYtU1ZHSUFmNWJRcFREalRJS3Iwc2Fma3Y4bHJCZjUwY0JlQnRwTlFrSXBZT1pscE50MHlTYzQyZW5PYTRVSHprclZQUWl1VGpRdjJnNFZPUm9KRWlyLTVwRDFtRkZ4dHhBT2JiN3V4STlBQXp4SE1KZHlpVjVubUdfWFhSYnBkWE1hTElLZ3JJRW53dEwzTE1zLUltcUZNejJ3T1VjRWJpYnEzRE9xNGFKYw?oc=5,,https://static2.finnhub.io/file/finnhub/logo/reuters_logo.jpeg
7666624,2026-03-19 18:49:01,1773946141,business,Trump struggles to shape the narrative on the Iran war - Reuters,Trump struggles to shape the narrative on the Iran war  Reuters,Reuters,https://news.google.com/rss/articles/CBMijgFBVV95cUxNWE9LbUJuTDZqSWdHNlNHZDVKb2VxTzZFeXQyanVYYWRfeHZMOEFEUk5QZzJrM2V6NUxnOEZycC16WGZNaU9LSEs2Rjd0YUQtb3NTVllxcXhFQTdqOElaeFZRZGRVU2h5ZVNCZ200TEkzUHpaWTZrSkZyTXpoYUFGbHdWc3pRMG1XMFJOWC1B?oc=5,,https://static2.finnhub.io/file/finnhub/logo/reuters_logo.jpeg
7666310,2026-03-19 18:45:11,1773945911,business,"Americans think Trump will send ground troops to Iran and don't support it, Reuters/Ipsos poll finds - Reuters","Americans think Trump will send ground troops to Iran and don't support it, Reuters/Ipsos poll finds  Reuters",Reuters,https://news.google.com/rss/articles/CBMizAFBVV95cUxQOVU4T0UtOV9HV0g4YzF4UVFYODd4N1JhSmJMZC1XWm9vNFptQUhramljaFN1TlpXRGNUbEFERkpPSU5Eb1AyVHNGM2t0Z284ZGFtRXBQaS1kNXdSNHU5MmU4Ykl2VG1yQndWSUVlZXp1alFFV0oyaWd2OURrcS1ReldCLW5adEt6bGlLOVpnQ2d1ZHR5d000REVIXzdvTlhWcmJKVGkwa3prb28yMWpKdzlYYWpRTDJYbEE5SzlraEJfUFFsb1I3b2tKei0?oc=5,,https://static2.finnhub.io/file/finnhub/logo/reuters_logo.jpeg
7662961,2026-03-19 18:07:33,1773943653,business,Trump tells Israel not to repeat strikes on Iranian energy as crisis deepens - Reuters,Trump tells Israel not to repeat strikes on Iranian energy as crisis deepens  Reuters,Reuters,https://news.google.com/rss/articles/CBMiywFBVV95cUxPSDA1bGlRbVZ6OENrX0FINVNCZEM0T0l6aWxkRjk1UnhmVjZ1UTdlYmVLX3hRak5XbDZVZ3RhVlBVVDVsMU5FejhEcGJKT2dNQzZGVlZIZ0hDdnpsT0JHWDZHRDctSlNtZWp6djA4dTlXNWRPWWtyOUVuVnFzMnpZNUVsQlAtSUJKSDAxZ2YtVWNQS0x5Y1RfMHUtZjA2NTFXVjVUVzJjbEVLeFBsT1RONm9wa19QdzNjT29mZF9jX0RlVzNjOVVlSjJKSQ?oc=5,,https://static2.finnhub.io/file/finnhub/logo/reuters_logo.jpeg
7665762,2026-03-19 18:06:32,1773943592,top news,"Why DuPont is proposing a reverse stock split — plus, another Nvidia team up","Every weekday, the Investing Club releases the Homestretch; an actionable afternoon update just in time for the last hour of trading.",CNBC,https://www.cnbc.com/2026/03/19/why-dupont-is-proposing-a-reverse-stock-split-another-nvidia-team-up.html,,https://image.cnbcfm.com/api/v1/image/108120341-1742832437683-Traders-Photo-KK-Photo-PRESS-20250324-009.jpg?v=1742832616&w=1920&h=1080
7665865,2026-03-19 17:30:13,1773941413,top news,"33-year-old NYC teacher had $92,000 in student debt—she's using a $55/hour side hustle to pay it off","Ashley Alicea earns $90,000 a year as a charter school teacher in NYC and has a $55 hourly side hustle in mental health counseling.",CNBC,https://www.cnbc.com/2026/03/19/nyc-teacher-side-hustle-pay-off-student-debt.html,,https://image.cnbcfm.com/api/v1/image/108268636-1771869005426-ashley_alicea_with_her_dogs.jpg?v=1771885698&w=1920&h=1080
7665977,2026-03-19 17:29:35,1773941375,top news,"CEO of $5B startup once took 'shortcuts' to grow business—until 'alarm bells' went off: Without change, we wouldn't 'have a company'","Faire risked never turning its sky-high valuation into sustainable business — until a moment that caused CEO Max Rhodes to change his approach, he says.",CNBC,https://www.cnbc.com/2026/03/19/faire-ceo-growing-too-fast-nearly-sank-company-how-we-fixed-it.html,,https://image.cnbcfm.com/api/v1/image/108275414-1773937696492-Faire_MaxRhodes_CEO.jpg?v=1773937988&w=1920&h=1080
7665986,2026-03-19 17:07:57,1773940077,business,Trump compares Pearl Harbor to strikes on Iran in meeting Japan's leader - Reuters,Trump compares Pearl Harbor to strikes on Iran in meeting Japan's leader  Reuters,Reuters,https://news.google.com/rss/articles/CBMizwFBVV95cUxOSWhVYmREVDZqdE5UMzFzckNMY0hYZXZGaHNpNEhSTmdjczl6VEFtLV9YeVh3N1lUQjBKQmpNOVZZdE5jb2k0YUo5V283bWxtYThzOWh4TkhxbHlMcGRvVXo0YmE0NkhMTFVMNjBLN29wc1BQM3JpWjhkTHd3b1o1X2tOX0t6MkpsWDNRMEpBenl0SkZmaUtFSjFtVU43NGluc0laSWc4N3JPZ3dQc2hkbkp1QzFNVEc4aVBYaU8zcVN5c255YWJzaGNhYjJCdUk?oc=5,,https://static2.finnhub.io/file/finnhub/logo/reuters_logo.jpeg
7666516,2026-03-19 16:59:00,1773939540,business,Explainer: Where does the EU get its gas and how is it impacted by the Iran conflict? - Reuters,Explainer: Where does the EU get its gas and how is it impacted by the Iran conflict?  Reuters,Reuters,https://news.google.com/rss/articles/CBMiswFBVV95cUxQNXN2aUYzY1lMM0p1YTVQRlRQbE05TXZZUjFCQVhlTWZMMHlaVlQxVkx5TEFMNU5VSUZEazhHM3k5eGlkVnFBc1VaZVV6SWg1YmJVYmhkSllZVDI2c3NiTFFuZXBsVTRQbmxyRVFrcDVOY3RDT2lacnlfRGZhb01BdUQ2VGFfbXpzT2ZpU3Jza0tjNkEtWXhfNnBScy1Pb25BLVAtUkNmb1pacWxSLVNKUlhlMA?oc=5,,https://static2.finnhub.io/file/finnhub/logo/reuters_logo.jpeg
7665551,2026-03-19 16:53:23,1773939203,business,FDA approves higher dose version of weight loss drug Wegovy as Novo Nordisk tries to win back market share,The high-dose Wegovy helped patients with obesity lose an average 20.7% of their weight after 72 weeks in a phase three trial.,CNBC,https://www.cnbc.com/2026/03/19/fda-approves-high-dose-version-of-novo-nordisks-obesity-drug-wegovy.html,,https://image.cnbcfm.com/api/v1/image/108261298-17702146372026-02-04t141023z_346821360_rc20fjakic3w_rtrmadp_0_novo-nordisk-results.jpeg?v=1770311641&w=1920&h=1080
7666515,2026-03-19 16:34:31,1773938071,business,US fixed 30-year mortgage rate hits three-month high amid Iran war - Reuters,US fixed 30-year mortgage rate hits three-month high amid Iran war  Reuters,Reuters,https://news.google.com/rss/articles/CBMiuwFBVV95cUxNRlhRQnVhZ24yS0JKWGstd1V1bmltcC1Ta2lIdk9QcDVEdU1kclhyUEtqQ0xYb3ROQXZkRDBCZE1EME5FYUxWSXk5VDA3Y0VUTk9IVjBZYjQ2YVNjSzdtSXQtVHBTZmkyc1czR3RfdmZId1RQLTZoQldOdVlQNHBMWkg3SHdMMkl4WEtaVFpvLW5mbWVydGQwem0yRGNDV1pONEl6MlhRYjFjNTBwdEhPNW5nM2hCV2xLREww?oc=5,,https://static2.finnhub.io/file/finnhub/logo/reuters_logo.jpeg
7665440,2026-03-19 16:25:28,1773937528,top news,"Trump signals DOJ should continue Powell probe, complicating Warsh Fed nom",Powell has accused the DOJ of investigating him in retaliation for his refusal to lower interest rates as much or as quickly as Trump has demanded.,CNBC,https://www.cnbc.com/2026/03/19/trump-powell-warsh-fed-doj-pirro.html,,https://image.cnbcfm.com/api/v1/image/108280379-1773936092481-gettyimages-2266851985-AFP_A3XP2EB.jpeg?v=1773936203&w=1920&h=1080
7665987,2026-03-19 16:23:45,1773937425,business,US approves billions in arms sales to Middle East countries - Reuters,US approves billions in arms sales to Middle East countries  Reuters,Reuters,https://news.google.com/rss/articles/CBMitwFBVV95cUxOREtKdHQxUXh6aVVmczVMaGhwNXJsZmZYUnZ1NkhyUC03QnpiMnNlUUFkbkl5V1ZEbHgxMWtSOUQwamRUQThHRmNuNVRneXgybHJYYmY4YW1ldzN4VXc3UmJMUXJnMHNfOXl0NUFxN2M1THNzRnVjYWg1WHNRblRsemQ2N1QwdnZTTnEtblcyRE1zZE5uMHZqa24xc2wwVTRCTC1od3I1VE8zcVhrbEFBOVgzWE1XOTg?oc=5,,https://static2.finnhub.io/file/finnhub/logo/reuters_logo.jpeg
7662128,2026-03-19 16:18:14,1773937094,business,Exclusive: US weighs military reinforcements as Iran war enters possible new phase - Reuters,Exclusive: US weighs military reinforcements as Iran war enters possible new phase  Reuters,Reuters,https://news.google.com/rss/articles/CBMivwFBVV95cUxNWThGM0NZUFRZN3dXTzB4SDY3OWM4Xy1JOVoxT3JaYy0zbjRTZXNLenJ5TEJpNkp4RnYtRWZzSF9hRV9IdEx0TjFRVlhPaXFXWHBRT1VoeEwxVVAtMkt0LWFwbmwwcnVKcnRzdldPaE00RDlISkJ5UTY0bTg5eTB3NXRGWHpTa1Q2Z2FDMXRoVU9SVnlPbThMSmpCem5IWDZ6TWJPN2dVUUhjX3BTRm1OOHpHQmVMcVF1U3FMOXlkZw?oc=5,,https://static2.finnhub.io/file/finnhub/logo/reuters_logo.jpeg
7665663,2026-03-19 16:12:17,1773936737,business,Trump says US needs more money to fund Iran war - Reuters,Trump says US needs more money to fund Iran war  Reuters,Reuters,https://news.google.com/rss/articles/CBMikwFBVV95cUxOQ0p3SUhoS0RvZWZsV243MkdiSVFsRXRza1pqQWEySzJkOGdRSVh2eGUzakt5bkpkSmxIMWhORXVNLW1LVWxLakFxQzB3Rm9CSVZjMndrZXZ4SUxGdVJKNlhZMFBWRm1QWW9NX09NUlRlWHBqNUlRbVpJZnV5NGo4M1BTMkZtUTFpMTJoTk9laUpEUWc?oc=5,,https://static2.finnhub.io/file/finnhub/logo/reuters_logo.jpeg
7665662,2026-03-19 16:09:03,1773936543,business,Trump says US is not putting troops in Middle East region - Reuters,Trump says US is not putting troops in Middle East region  Reuters,Reuters,https://news.google.com/rss/articles/CBMiqwFBVV95cUxPOWw0U1RtM1dNV0g5NXU1NWhIeFVKSXcwWlFCckNHRjUxX2M1TXllUWw4VVppd0xoNHdxb1NVb0NKRWJlWUtDRVRGYXFJbV9QNUlOOEEtOWFPV1NVNGVHc0Zub1FUNkUwcXo1RjRCTDJFWVdqX3VMaUxjU2xtTkV1NjROVnJFcmNVdXlvZFNDd3RabkZfd1NBZUowTjJpY01OdGtSM1JqbTFPWFE?oc=5,,https://static2.finnhub.io/file/finnhub/logo/reuters_logo.jpeg
7665441,2026-03-19 16:05:30,1773936330,top news,"The market remains heavily oversold, so we're snapping up more of 2 stocks","We don't typically see the Oscillator, our favorite market gauge, get this oversold",CNBC,https://www.cnbc.com/2026/03/19/the-market-remains-heavily-oversold-so-were-snapping-up-2-stocks.html,,https://image.cnbcfm.com/api/v1/image/108279630-17738468922026-03-18t150909z_400420585_rc217kafoclp_rtrmadp_0_usa-stocks.jpeg?v=1773846932&w=1920&h=1080
7665661,2026-03-19 16:04:56,1773936296,business,"Iranian attack hits Israeli oil refinery in Haifa, some damage reported - Reuters","Iranian attack hits Israeli oil refinery in Haifa, some damage reported  Reuters",Reuters,https://news.google.com/rss/articles/CBMivgFBVV95cUxOY3NCMFFRSk1hc1p3enhncl9PTEFaNk5CVzh6MUdONFhWajhyX1oxUmlPT2I0akNjM2hYeHQzQ2NEdTlaZm5EVkxSdEQ0RnlpOE9TRG4yZkhpNTUzRWlFdUcwa3IzdGhZeGsya0FqTWN5X2ZUV0JlQ3l2Sm9RQTk0RXN1YUZqRWJob0wyS0hIOXpzdWxHMm1yRUJvWHA4d1dWMFp3MjV2cWhkNEdDVEpmTFRoaVJ6UHdfRHBKTEdB?oc=5,,https://static2.finnhub.io/file/finnhub/logo/reuters_logo.jpeg
7665330,2026-03-19 15:58:34,1773935914,top news,Tesla faces intensifying NHTSA probe of 'Full Self-Driving' in reduced visibility,"The investigation involves Model S, X, 3, Y and Cybertruck EVs that can use the company's FSD-branded driver assistance systems.",CNBC,https://www.cnbc.com/2026/03/19/tesla-nhtsa-full-self-driving-fsd-reduced-visibility.html,,https://image.cnbcfm.com/api/v1/image/108208854-1759850437536-gettyimages-2233586805-dellatorre-notitle250906_npzUa.jpeg?v=1771878373&w=1920&h=1080
7665765,2026-03-19 15:05:19,1773932719,business,Iran war escalation wakes markets up to risks of deeper economic pain - Reuters,Iran war escalation wakes markets up to risks of deeper economic pain  Reuters,Reuters,https://news.google.com/rss/articles/CBMiuAFBVV95cUxPME9SMldJUFpWWnpSUlBURTBYVkg5Skd5WlE4QnJzcHFBOUkwYXVxdkFMNGZrOUFFZjJNM3d3ei1OT0hFZnJTOGhhRmJRN3BCZEdBVjQwV2RnbWh3cG5rb0pjalFaVTZ3RzJCaENXbmtpdEo5cnhWREx2QlZyLTViRk1PTzVnLWZDUTQwVzVCbzJhM0Q2MkdaTy1zNVc3a190ZVluMnZzNWFsS1NVd1RZNmp1OWM3ZGM2?oc=5,,https://static2.finnhub.io/file/finnhub/logo/reuters_logo.jpeg
7666313,2026-03-19 15:02:47,1773932567,business,Iran's parliament speaker Qalibaf increasingly central in Tehran - Reuters,Iran's parliament speaker Qalibaf increasingly central in Tehran  Reuters,Reuters,https://news.google.com/rss/articles/CBMitAFBVV95cUxQclFJUFRZUE1wWDV2WHplNXJYMGJ2b1FvZkRXTG9kZWREbmpCaXR4S21GdDVHaXptRkkxZFBoOUJwU3lNNnZ1RXJCQ2J1WVNUNDZyejdlTjBZNUJhNjJMTzktbnV6SFlPNlFVc0RkYmUwcE1qazFKVTIwUVY0NVhrbmphMmlFM19Zd21tRU9ydEdPZm5CSHA0QWRRemJoZFBZb2RrelVrdnhwcTZHazBSbkE4S28?oc=5,,https://static2.finnhub.io/file/finnhub/logo/reuters_logo.jpeg
7666089,2026-03-19 14:33:14,1773930794,business,Israeli military says it 'took out' Iran’s Caspian Sea naval capabilities - Reuters,Israeli military says it 'took out' Iran’s Caspian Sea naval capabilities  Reuters,Reuters,https://news.google.com/rss/articles/CBMizgFBVV95cUxNM2VXUEw1VVhsY2I0c1RaNUVGa0ZNYU5JcE8xOU43TzVFQlU2dW9tdU8yci1VMTYzNGJSNjVld212dGdYcXZ3a2lUdHZVc2t4Vk9KUUdDNmJJY3R5T01HRmhlWGUtbmRwbm8xWlR0R20ybU1xdmktQlRvMXdZQVVocHQzLThSc3h3bUtsQzcySDZOUUNVcW9iWV8tZEl4bE1qZGVhdTRKVmhnYVZ3d2tsZXBoRnY2bzNrTjY5TzVCZVliemszMnQwT3FZcXNGQQ?oc=5,,https://static2.finnhub.io/file/finnhub/logo/reuters_logo.jpeg
7665764,2026-03-19 14:18:12,1773929892,business,"Iran war boosts Netanyahu, bruises Trump and Gulf states - Reuters","Iran war boosts Netanyahu, bruises Trump and Gulf states  Reuters",Reuters,https://news.google.com/rss/articles/CBMiqAFBVV95cUxQRzBlOUgxUnBqNC05UHg1NnJ1WFdxVi1NZEFoNGUta0RtWXIwZDdocGFWS1c0TXA0RUo4b2djUi0teEgzRkRQdHR4RmtObUZVTkZPd0lYS0dWVGhtMnZMUGIwUU9ONkhUQnpPbTVFdEhGb0l4aHROQ3QtQjhUU0l1eXlmVXk1Ykl3TzF1ZnBGT2xKeWZxbDJlNkw3cUVfQUpoM2lkRXJfbkw?oc=5,,https://static2.finnhub.io/file/finnhub/logo/reuters_logo.jpeg
7665003,2026-03-19 14:15:41,1773929741,business,Major League Baseball names Polymarket exclusive prediction market partner,Major League Baseball is partnering with Polymarket to offer exclusive rights and data.,CNBC,https://www.cnbc.com/2026/03/19/mlb-polymarket-prediction-markets.html,,https://image.cnbcfm.com/api/v1/image/108225666-1763062879612-gettyimages-2245946454-NYSE_GOV_FUNDING.jpeg?v=1763063045&w=1920&h=1080
7664898,2026-03-19 14:12:07,1773929527,top news,Crypto.com lays off 12% of workforce in latest company to cite AI in job cuts,"CEO Kris Marszalek said the layoffs were in ""roles that do not adapt in our new world"" as the company integrates enterprise-wide AI.",CNBC,https://www.cnbc.com/2026/03/19/crypto-com-layoffs-12percent-ai-job-loss.html,,https://image.cnbcfm.com/api/v1/image/108280256-1773926447374-gettyimages-1760803561-omarques_02112023_ILLUS_TECH-1.jpeg?v=1773926470&w=1920&h=1080
7665874,2026-03-19 14:03:06,1773928986,business,"World trade growth set to slow to 1.9% this year, Iran war may weigh more, says WTO - Reuters","World trade growth set to slow to 1.9% this year, Iran war may weigh more, says WTO  Reuters",Reuters,https://news.google.com/rss/articles/CBMixgFBVV95cUxONkh6ekFLN184QkxYaXB2SVMtdmZ5c01xdUc2eTI4YjNVbTZVTEpvb096bjZnQ1U0eHk2YV9OWFB6Zjhsb0lTNjVxOGhGOTlyUU5Jd3Y3YjYwUERRdFhYRnVWR2lZcVd6MlEwS0JMUy04QW9tdkdHS2hlVFZQWjJHaDE2MlYyeHgtdlpvMi1rUU81OERDcGZuVFJSbHZhUEppZHVCSmtQajNKN1luYU5lTFRELWVHLUF5dGhWcXc2Y0ZHX2pZRHc?oc=5,,https://static2.finnhub.io/file/finnhub/logo/reuters_logo.jpeg
7665339,2026-03-19 13:54:59,1773928499,business,"US and Israeli war aims in Iran are not the same, US spy chief says - Reuters","US and Israeli war aims in Iran are not the same, US spy chief says  Reuters",Reuters,https://news.google.com/rss/articles/CBMipwFBVV95cUxNNGRrN0M0bzZaN1RGa3BiOVc1SW0yVnVUQWtVYlJValpYY2FuRnhNNUxiMU83YnlpNmk3MjNpc3V6SmZNbWVHSFdNaGY4Tnljd0oxNmlzdHNoMHhZcXJvMlR5OG1Tc3ZQT2FaLTFZQXhsNVZwaW5kU2s5WFRmUGpmeUVSbDQxdUtPbV8wMmk1cEl4ckRBRG5Ldi1HR3RNV0NYdlc1WGRadw?oc=5,,https://static2.finnhub.io/file/finnhub/logo/reuters_logo.jpeg
7665766,2026-03-19 13:52:22,1773928342,business,Iran's giant South Pars gas field at the centre of Gulf war escalation - Reuters,Iran's giant South Pars gas field at the centre of Gulf war escalation  Reuters,Reuters,https://news.google.com/rss/articles/CBMisAFBVV95cUxOMHE5UklxZUR1Si1pRTRjZ3dNNk5HT2dlekFiYlpmMTRhUDY5QTM2aTE1X3FCZHpFWExSYWlEYVo5T2pZNXo3MktGY05IUXFMTHQtYUUweTlnSVo3R3B0amI2RTZ4TVJKdExnajUxYkRRb1h1WGl5OVlNYkNDRWZlYnFQREtCdkladVlCVkR3UHhJQlByX1ZKejR4U2dsV1l1cENPZUVQQWdBQlJmME84Ng?oc=5,,https://static2.finnhub.io/file/finnhub/logo/reuters_logo.jpeg
7665338,2026-03-19 13:43:53,1773927833,business,Trump says he told Netanyahu not to repeat Iranian gas field attack - Reuters,Trump says he told Netanyahu not to repeat Iranian gas field attack  Reuters,Reuters,https://news.google.com/rss/articles/CBMixwFBVV95cUxPSXhZTzk5NzBzaERIbEpBS1U2RUdSSnpRbGc3eGMyM29wMzRoOVIyNEd4WDVYN1lKaUZFakRKbjBkRlkyR1FaR2dVU1I2Y2g0eG1qdHI4SjdLdTZIWDVkQXlubnBIU0dRZExHN1hpN1hTa3l0MlV3aDRpUDZTaG5DX2tWZnFQZVRWcG01MmJsTkw0TF80aGk4R2FmdnM1M3FjSVdVd0Npakl2Q29JRVhEWko4UnBiR09yOHItc0JWSldPQ0FBQlNB?oc=5,,https://static2.finnhub.io/file/finnhub/logo/reuters_logo.jpeg
7665124,2026-03-19 13:40:36,1773927636,business,"Joint statement on Strait of Hormuz by European nations, Japan, Canada - Reuters","Joint statement on Strait of Hormuz by European nations, Japan, Canada  Reuters",Reuters,https://news.google.com/rss/articles/CBMirwFBVV95cUxQSkVWZ2liajhCdmVUbXRLMEZIaXFCdkxvcmlZajItYXNCbktfbjF3RWRNcVRDYnZHSVBESUF0cjJMSnc0Y3B0eDFVUkdTcU1xMjN5eUcwQkQxdHY1Z0ppTzJBWlRIanhvTHVhZjN5eTJ5dFJ3dC1jdzJObURUTndPZ1ZaRTR5WlJxRjAwcTF4Ti1MQk1JTm9ZYWdLV2JJY1BmOUg2U3JRSVRtanhkTk0w?oc=5,,https://static2.finnhub.io/file/finnhub/logo/reuters_logo.jpeg
7665229,2026-03-19 13:38:06,1773927486,business,"Exclusive: Iran attacks wipe out 17% of Qatar’s LNG capacity for up to five years, QatarEnergy CEO says - Reuters","Exclusive: Iran attacks wipe out 17% of Qatar’s LNG capacity for up to five years, QatarEnergy CEO says  Reuters",Reuters,https://news.google.com/rss/articles/CBMizAFBVV95cUxQM2VOR0pPU1pWbUpRdUU3Tjg4WWhRRU5uN1RkTG4wSFF0VndlUHI1dm5lQU9kbTMtWnhyV0VJVnZ1VkNET3ZGQ3A1ckRvSU1xTnJPWm80RmI5Z0pBem5HTkFGbE1VTnZ0T0tCSjNCVlRuaFB3T0g1SXh2RkpYQ05hN3pvQkpFNXNBeVBaVmZZOUY2d1hlUkJuMHZ1NE9NQS1HbmctOGR5RjZRTzVjbTFvd0FHVUM4U0VJLUVsUXVINWROenpUQURDemlLMVY?oc=5,,https://static2.finnhub.io/file/finnhub/logo/reuters_logo.jpeg
7667248,2026-03-19 13:26:44,1773926804,business,"European countries and Japan: ready to help on Hormuz, stabilise energy markets - Reuters","European countries and Japan: ready to help on Hormuz, stabilise energy markets  Reuters",Reuters,https://news.google.com/rss/articles/CBMiuwFBVV95cUxNWTNsOXRHZGhZQmIzendlbldIYmVZbFFfODc3aTRNeU9YeFlVeXg5UWpuckFoRFhWRExmWkZ4UmxTWS1PbUZwLXBQWVFWc1QtaThCQTE1TFBaWnJUem1Rb014X0czYkFNSlU5TDlkQU1aM18wZzFIRkRFV2RDLTVReS01SkdqTkpQWFlkQktEdDBRUnZNM0RCRmxSbXF2amhiSENwWmotaWJUZEFGd0JSRWp1T0R2LVEzTDVB?oc=5,,https://static2.finnhub.io/file/finnhub/logo/reuters_logo.jpeg
7665122,2026-03-19 13:18:32,1773926312,business,"US may remove sanctions on Iranian oil stranded in tankers, Bessent says - Reuters","US may remove sanctions on Iranian oil stranded in tankers, Bessent says  Reuters",Reuters,https://news.google.com/rss/articles/CBMiuAFBVV95cUxQYnJ5M0loQXkzWDVTNE04NzR2R1Rfdk5ua1YzUHVKS2ZwY2gwZFJ6M1RndWl6NG5uZlZSU3Q2cHpUdVhlMmVrVGcwZ3JUOE5CMVBPb1ZuYXB5VGFiMDlQWGtXbEhJT0hLUXFodHZYb243WGJVeXJSczU0Ukt2UGszdHhYUktnSG94bGVjSWljdVRoQXFBR3psOEhSalBwS3hPdmJFWG9xaUdCWmU5TFpPR2JoQlJzWEtw?oc=5,,https://static2.finnhub.io/file/finnhub/logo/reuters_logo.jpeg
7664670,2026-03-19 12:59:20,1773925160,top news,Jim Cramer's top 10 things to watch in the stock market Thursday,Stocks tumbled this morning as the U.S.-Iran war continues to escalate and oil prices spike.,CNBC,https://www.cnbc.com/2026/03/19/jim-cramers-top-10-things-to-watch-in-the-stock-market-thursday.html,,https://image.cnbcfm.com/api/v1/image/102290204-RTR4IYV1.jpg?v=1529451543&w=1920&h=1080
7665556,2026-03-19 12:48:40,1773924520,business,Russia calls for 'safety island' around Iran's Bushehr nuclear plant - Reuters,Russia calls for 'safety island' around Iran's Bushehr nuclear plant  Reuters,Reuters,https://news.google.com/rss/articles/CBMiswFBVV95cUxNcWZDdjhpekxDOTFRaFd6X1VjR2JMTHZfdm04T0MyTXNPNUVZNzRzUWE0QkFDdjlrbUQ1ZkFFc2JJZmdxRVpHX3VnbDRzQ0szNnNtQmNoeDUxRDZGbS1ZUnN1VXVhR1R6cVhUSUdxRU95eTVmVFN4UGstaWtPbG9la1RYcXk0d0hjMFBZMkpGV05oOHE0ZzFNb3pqeFhGMDhwcFlkSUpXUE0xT1hMUG84ZFBScw?oc=5,,https://static2.finnhub.io/file/finnhub/logo/reuters_logo.jpeg
7665123,2026-03-19 12:41:14,1773924074,business,"US objectives in Iran have not changed, Hegseth says - Reuters","US objectives in Iran have not changed, Hegseth says  Reuters",Reuters,https://news.google.com/rss/articles/CBMipAFBVV95cUxNbVVYbEc1UTNiRGc0eWdBaEs3Xy1jaUZtUlBNY1BqUlVKVzYxeTd4TV8yRE8zYk9URWJKU1JYRkQ5YWFtMVdtQU95UWZLWFJrNEYtOTZoMWI1TFFRQ1pWY3VaS1BDUUk1Qm0wYm1ISUpqQVNURThzTnMtbERSUkRJLVVUZ241RDhmWU1YdXlxclQ5c0l6amtCcUl6NzFfaVl3UkhVdg?oc=5,,https://static2.finnhub.io/file/finnhub/logo/reuters_logo.jpeg
7664900,2026-03-19 12:34:32,1773923672,business,"Natural gas prices soar as Iran, Israel strike Middle East energy infrastructure - Reuters","Natural gas prices soar as Iran, Israel strike Middle East energy infrastructure  Reuters",Reuters,https://news.google.com/rss/articles/CBMiygFBVV95cUxOck93Y2M1dEJEZU50VEZvUkxsQVdQMHZPR2dGdFBSTTA0ZVdPNEtOZ2tSa296dHhoLXg5bHdZRC14aTRtelR0OGNKdGRvMWFJd25fb01rby1MajRuUGZJZEdnU0MtX3B5QWxxMUtIdDR0c2ZkakVQOHdhM2pHVjlQTFRXeXF1UXhpd1BfaTRITk1Ja3BaT09mN2RlMTFyMkh6ZThYdXFTVk9Bb0xoZDFESWxwYXRLX2xfRk9MVnpmVUpSNmdVbF9Xb3lR?oc=5,,https://static2.finnhub.io/file/finnhub/logo/reuters_logo.jpeg
7665340,2026-03-19 12:28:05,1773923285,business,Greek-operated air defence system shoots down Iranian missiles over Saudi - Reuters,Greek-operated air defence system shoots down Iranian missiles over Saudi  Reuters,Reuters,https://news.google.com/rss/articles/CBMi0gFBVV95cUxPRUNKbXZPZWIxZGZVRUNEcjBhVjVxSHlVbHpLZnpSc0FKRnlWSENvZDFZZjFWOWtsZ3dySXF6VmpvcGZwYVR4c2lMN0RaZEFfWE82clNmbGtRVGwyb1k4ZDVvVlozbWo4b2lsT2I5ZTY1MGowZFFnNGIwVmkzSV9GU1JMZXVQTkx2X3RKdU9NNEhXZUNScktwcXFDWHdkcnY4cW8yaDRUanpWMk1rX1gzcTVuWi1Ic3pMbmFyU3JDbWRLbTlET0hQNVktZE0zTGdJTnc?oc=5,,https://static2.finnhub.io/file/finnhub/logo/reuters_logo.jpeg
7669093,2026-03-19 12:25:38,1773923138,business,"US striking Iran-aligned militia in Iraq, top US general says - Reuters","US striking Iran-aligned militia in Iraq, top US general says  Reuters",Reuters,https://news.google.com/rss/articles/CBMisAFBVV95cUxQejI5cjJ1cmFpM3lHdldadEpCeVRmNHhlWVdtV3JicHl6RllFM2xZOFg2LTVvdElfUDgwaUZBSlJyaDc0dHBLZHRBdGVMdk9GN1lqT2p3elYzTWVVb1l6T05VTDJwNktHeExmNFNZbk95dzZwUlJOSjY0UFh4Z3hNTW5BQjM2V3R4c3liMXR6LUMzZElPNGVnWE5Vd1lUTG45ck1QdHRxRDY0TTZUU0lzSw?oc=5,,https://static2.finnhub.io/file/finnhub/logo/reuters_logo.jpeg
7664436,2026-03-19 12:10:57,1773922257,top news,Trump's DHS pick Markwayne Mullin to get Senate committee vote,"President Donald Trump tapped Sen. Markwayne Mullin, R-Okla., earlier this month to replace Kristi Noem.",CNBC,https://www.cnbc.com/2026/03/19/markwayne-mullin-dhs-immigration-senate-vote.html,,https://image.cnbcfm.com/api/v1/image/108279538-17738419062026-03-18t134826z_1164039094_rc217ka4kd27_rtrmadp_0_usa-congress-mullin.jpeg?v=1773843030&w=1920&h=1080
7665126,2026-03-19 11:54:31,1773921271,business,"India's auto boom at risk as Iran-Israel war chokes gas supplies, straining supply chains - Reuters","India's auto boom at risk as Iran-Israel war chokes gas supplies, straining supply chains  Reuters",Reuters,https://news.google.com/rss/articles/CBMixAFBVV95cUxOc1dtMnFqUV9idm5FSVpQcFowNXZ6dmZNVktZTk80cGU0bVB2UmRDQS1aVDlzQjFWQnpsRlFYRGxxamFNQkVlSE0tZEpyY1lvbFpBYjRjRXByQnRNamJoa1RXZUs2aURQMGZfZWViMjJkYmFvZ1ozVkZtX3FBb0JXYjB0dzd1T2hCa25XOXh1Q2ViUWI0d2xKTktHYWJjekdlYlV6eWY2WGtiZkRtWVRsRUFsOU1GSmNxZHVDWE5zc2U3aXlK?oc=5,,https://static2.finnhub.io/file/finnhub/logo/reuters_logo.jpeg
7665449,2026-03-19 11:26:23,1773919583,business,"Iran arrests 97 people accused of working with Israel, state media reports - Reuters","Iran arrests 97 people accused of working with Israel, state media reports  Reuters",Reuters,https://news.google.com/rss/articles/CBMiwgFBVV95cUxNQTRzUHVwZHFIZnJVSmlmMml5eTBvM2tBMkJ6ajdvMUJkdko4aHhWbGJzQThxcmY0NEkxLVF6UHZTRWhaMkk1RkdxTFdLaGtMYjhCLWNsdTJ3OERfY19XNGpneGtSWHlJdWRBQlRIQ1FlQjN0TUk0eXZtaFlNNXRqa3F5YzI2UHdydGUzM2l6blE0YnNLd01ESGh2M1NOUnMyR0hWVG5kNU04Yl92UGhxVEFZUjF3ZndUaVJfbE1PVkl5QQ?oc=5,,https://static2.finnhub.io/file/finnhub/logo/reuters_logo.jpeg
7664222,2026-03-19 11:04:50,1773918290,top news,Micron falls more than 5% despite blockbuster earnings. Here's what market watchers are saying,Wednesday's blockbuster earnings were not enough to stop shares in Micron Technology from falling 5.5% in pre-market trading.,CNBC,https://www.cnbc.com/2026/03/19/micron-falls-blockbuster-earnings-chips-ai.html,,https://image.cnbcfm.com/api/v1/image/108277401-1773337875964-gettyimages-2263028896-avdlogofeb26lot2e.jpeg?v=1773916364&w=1920&h=1080
7664330,2026-03-19 10:14:41,1773915281,business,"Iran calls for regional coordination in calls with Turkey, Egypt, Pakistan - Reuters","Iran calls for regional coordination in calls with Turkey, Egypt, Pakistan  Reuters",Reuters,https://news.google.com/rss/articles/CBMiywFBVV95cUxPMUJiVDVSNkZhR2JIWUZZbTNlY1VtM09ZcnEzVmxZbVJOUzUwaXoyQmMtOUh6TmVlU2xNbDhSWGdqWlptcHQ5MjhRMHo3M1kwMmxGNElqZXY2ckhTeXExcXcwaHNVZ1lqMTRCZm1MemVubVRNWWdvWUw2a2tIdlNsM0g1WXRCMEtNdUdGX3U1ckZxaExmNG9KY3ltT2hVTDBCMXJ5R1dIendEWXNrbXpiR0p2OXZCUWxjTi1kejdxSHE3WU9LMEZXZDdhSQ?oc=5,,https://static2.finnhub.io/file/finnhub/logo/reuters_logo.jpeg
7664223,2026-03-19 09:49:42,1773913782,business,"Iran considers levying transit fees on ships in Hormuz Strait, lawmaker says - Reuters","Iran considers levying transit fees on ships in Hormuz Strait, lawmaker says  Reuters",Reuters,https://news.google.com/rss/articles/CBMiwAFBVV95cUxPMG9YMjd2UDhTV0RmWGtRNkNXNHZld1hfNVFmdWYtQUpqMlh3S3d0QTJWNDBuR1VjUW1QUjEwdG11ZUxPMUFPTWtMVjFqTVBkYkkxS2FpTTdLR0tsdFBsMFZNYTZONWx6Sm1JOWFnZFp5Y2dlODdaUlNvLTV4Z2RCbU5JeGdIREMtVDc5ckVzWjRGVHcxZzRpNzcyZF9mVWpyTXV2amJuT016RmgxWnd0QUtzckFRZjhtS3hCY3J6c2s?oc=5,,https://static2.finnhub.io/file/finnhub/logo/reuters_logo.jpeg
7664448,2026-03-19 09:42:19,1773913339,business,Exclusive: Ukraine could boost rapeseed plantings if Iran conflict drags on - Reuters,Exclusive: Ukraine could boost rapeseed plantings if Iran conflict drags on  Reuters,Reuters,https://news.google.com/rss/articles/CBMixgFBVV95cUxPMEl6d29fZUxUVDkzbHIycGphd19NSkM4enQta0Q1aG9CY19UcnJXYkxiWC0xZVNxcDlDR0hPaEV1bUFSak9OUGI1UlRENl9ESEducG9lRzYzOE0yaS1kZ2d3aXA4MWwweUFYeDdNMEctXzl1SzJyV2ZQVUJGVGxsWDVnMUYwaHhRSXc2NDc5WWRnWlN2U3JqRHpNcVE1R2hGX2tqN1lyRlRGa0RCVE0yWHl4QzMtVWFMY05oOV9XRDJrdlBnbkE?oc=5,,https://static2.finnhub.io/file/finnhub/logo/reuters_logo.jpeg
7660872,2026-03-19 09:37:03,1773913023,business,‘Not our war': Europe says no to Trump - Reuters,‘Not our war': Europe says no to Trump  Reuters,Reuters,https://news.google.com/rss/articles/CBMiiAFBVV95cUxQYmNZM3RVOXBCRVlyLWFidVBneEtFU3g5aWYwT1JqWEZDdHdNcFRIekFmN1cxcXdCMkVsYk1EV1JOWkVYaWZwRDYtVWlUVW83RFB3RmE5VHN1a2w0ZEdhYXlwUUlTd0ppcmwwS1IzR2VjRXlFcWk3MDVwTEVnVWpIS20ycU5mcTlh?oc=5,,https://static2.finnhub.io/file/finnhub/logo/reuters_logo.jpeg
7664224,2026-03-19 09:17:39,1773911859,business,"Gulf states request urgent debate at UN Human Rights Council, documents show - Reuters","Gulf states request urgent debate at UN Human Rights Council, documents show  Reuters",Reuters,https://news.google.com/rss/articles/CBMixAFBVV95cUxPeHlXMUVpNkVLVldWS2RVcFZleDFPWVZIY3hhaC1jYjdLT3ZZNzVPZlZUWGxlZUdQWUVhd0R2clZkMTFFNzFZcDZpMmowYWk2aFpWRHVmOGJQelRWdnBENzJseFlFUndjSW9PVExLd09pRmVoZjktRTlJSlp5UVdaeGVRWVlraWRFbWRMVnIxMlFRb2YzdHZHQmVEUGM0X0ZTbmttdVVmRjVITDBVQ1NoZVpxWHVCWWgxMmJmMU9WUVc3Yklx?oc=5,,https://static2.finnhub.io/file/finnhub/logo/reuters_logo.jpeg
7664446,2026-03-19 09:08:53,1773911333,business,"Iran crisis lifts India bottled water prices, erasing Modi tax cut gains - Reuters","Iran crisis lifts India bottled water prices, erasing Modi tax cut gains  Reuters",Reuters,https://news.google.com/rss/articles/CBMi4AFBVV95cUxPNTNNZTNXcFk1NVprS1NkV3dleWMxVDc1WnV1c3hKVDBjb1oyNUlybjAtUzhTLXVTN2FybmgtdGFEdjV0eTNlY2R0MDgtMEw0M05Vb0llTURkYTkwdDEyOHh5SW1oRmw3WFFTeXczZWRkWmE5c0J0bDV3NWJnelZpaTdYcjB6NXRld1lHbk5GbXpWNUt2VzZIQ1o5Rk1oWlBxUXJjb0RZN21uMjEwSmx3cG1SellCMUR2OGlaQkttWlBzRTNlNmtuVExqeUladnVMOEY3VWVRSmhFemZkNkR2Vw?oc=5,,https://static2.finnhub.io/file/finnhub/logo/reuters_logo.jpeg
7664332,2026-03-19 08:43:03,1773909783,business,"Swiss National Bank holds rates amid Iran war, watches franc strength - Reuters","Swiss National Bank holds rates amid Iran war, watches franc strength  Reuters",Reuters,https://news.google.com/rss/articles/CBMitgFBVV95cUxPc0xvdjVzT0VxWEFxdEpMdk9GY2tzQUtoZjRRa0ZJWXpQejRhRTFXSWxSMmwyRTNMQUJ6cW5fTm9KMS1PZXlRbzNKemRlN05JcndLbl8tWkVvQkJmaWU5OGpoVGc2bWtINk9vYnllZ2hIN1lGODRPbXp6Wkx3OEtYaXNGME5NcFJnWUMyUzJBeHRXMDhHbXJWVHBPc2pEWGNxeXVSWndwdVp1VWdiOUlFOWhIM2FtQQ?oc=5,,https://static2.finnhub.io/file/finnhub/logo/reuters_logo.jpeg
7664447,2026-03-19 07:57:02,1773907022,business,Will the Iran conflict end Meloni's long Italian honeymoon? - Reuters,Will the Iran conflict end Meloni's long Italian honeymoon?  Reuters,Reuters,https://news.google.com/rss/articles/CBMinwFBVV95cUxNdVE1Q2RTLTJLT1l6d1hTbWJSc3kybGo2QWlzUXJFOGItc0RCQnE1YUxTRXlzWWtlZUpnZUJqbEhLRzFSSkVLU0wzM0dyTFhzZlVmYVVMeVBxQ3l0U0RIOEJhTG5vQ2FFVkJtNk95TmlZQ1Z4UmtieTVCcGFGUXhZcjZGWGRhYndGazZ6YzNlTEVfUGpaVWp5NEFzVGVqRVk?oc=5,,https://static2.finnhub.io/file/finnhub/logo/reuters_logo.jpeg
7663801,2026-03-19 07:24:24,1773905064,business,"Prolonged Iran crisis to push buyers to non-Mideast supply, JERA executive says - Reuters","Prolonged Iran crisis to push buyers to non-Mideast supply, JERA executive says  Reuters",Reuters,https://news.google.com/rss/articles/CBMiwgFBVV95cUxNaUpBX2RDLTBCcndQa1hOX24xM3VyVHIxT0g4akpkWkJjLURZcGdEVjI3TG9xQ3lmUE9XS3NWRE5TTG1VVEE5RS1tWmRqbmJMZHZyYVZaVHB0SGpaRThxRG5Ka3Brek1oMDdQRURFb2lBRnh4dTZsRlE0QkdRRkxIb2RiNkMwWThNeE1QQUtZU3pYbjVKWG9qNGcxRFVFVWZyUlBsMDJHaG96WnViWWRNbHlzUFltaFlZUkVFVFA3bVY0Zw?oc=5,,https://static2.finnhub.io/file/finnhub/logo/reuters_logo.jpeg
7664009,2026-03-19 07:23:47,1773905027,business,"Don't panic, don't capitulate: investors try to see beyond Iran war - Reuters","Don't panic, don't capitulate: investors try to see beyond Iran war  Reuters",Reuters,https://news.google.com/rss/articles/CBMipwFBVV95cUxPeFZQdlV6bXhBV3Z6bTUwYlI4UTVmMjg5NW4yTkZlZ2ROSk96TkVrSnZsbl9ZUHU0b3lORHlwTGd6MnJ4cnZpbXRTRERsV3IxdXVVc1ZURk5Qa0I4QTJKQnJNaW9sTVo3UjRFcTIxa1F1UHJvNWJoT1RKbDJyR0RnUUNXVmktUUdrR19pWkVvZ24xb243RkZCeWp4S2pidVdoWVhLd1l5TQ?oc=5,,https://static2.finnhub.io/file/finnhub/logo/reuters_logo.jpeg
7663800,2026-03-19 07:15:20,1773904520,business,"Iran war leaves deep, costly scar on Mideast energy - Reuters","Iran war leaves deep, costly scar on Mideast energy  Reuters",Reuters,https://news.google.com/rss/articles/CBMipgFBVV95cUxOWDFuclJ0cGkzRW4xcFdVcTBnYjhhUmhKZFZXeGtadFNMUkhST3cySUVUWWZsX0NPWEpqX3FBWS15d2tBWnJQUzdqYVEtb29LSG1qamU2Yl9HNFVuYUs4T0pJci1DeTZ2SlVDSmFCZ2V3NHMzRF9kNnJrWWZqdU5ZcEdCc0s2SDBhbzd5SWktUGJXNUw5QXlkVDlfb0lRS0FFZzllLVVB?oc=5,,https://static2.finnhub.io/file/finnhub/logo/reuters_logo.jpeg
7665125,2026-03-19 07:05:05,1773903905,business,Iran war rattles the global aluminium supply chain - Reuters,Iran war rattles the global aluminium supply chain  Reuters,Reuters,https://news.google.com/rss/articles/CBMipAFBVV95cUxQdzV1SzBxeTFEMWZEazZCMXlZN1F1bmFfTUtGaDc0aDRpZVJocG96M1pFN253TmQ3eFk1LWxoVFdQVWlfaTVUNzk5SnZYaUlVSlBELUpwWW8xZmFONi1SV3NFVkdJNGQyZ0RtVXRBWXNPYmRyMVA4cWRILW5LUHRFdFpuWUFYQXd3R3p2QUxUaDBzWERtWnJGZ1kzcVJLNGxpQTRIVQ?oc=5,,https://static2.finnhub.io/file/finnhub/logo/reuters_logo.jpeg
7663697,2026-03-19 06:21:00,1773901260,business,"Iran seeks compensation from UAE over US strikes on its territory, UN ambassador letter says - Reuters","Iran seeks compensation from UAE over US strikes on its territory, UN ambassador letter says  Reuters",Reuters,https://news.google.com/rss/articles/CBMizAFBVV95cUxQR21FWW5oREZ1UEtJSmdfeVZqRnhxVUwwbUJIa1RmR3ZmS0N2Qm1NZmZobzBmdGdnRUxlLWFTSl8wdEtjeE56UjVIMVhKb2t6RnlQR2JuZU5tU0JxUDN0aURpY1J0UG9JZEFPRHBrQ1VaNWNrQmRLekVtSElzV3dVZjZ5b2o1amwyeHZwYlZIR2FGd2N0SHJ2dW9qNU4tNnUwem5BcHhsZjltTWlZeTAza3FUY1hMNGpVM3pMRnlORXBKNWc2dEZQS0tUSGk?oc=5,,https://static2.finnhub.io/file/finnhub/logo/reuters_logo.jpeg
7664116,2026-03-19 06:12:03,1773900723,business,Iran war fallout lands hardest on Europe's most gas‑dependent nations - Reuters,Iran war fallout lands hardest on Europe's most gas‑dependent nations  Reuters,Reuters,https://news.google.com/rss/articles/CBMivAFBVV95cUxPZDRzc01tQzExMTcxU01pRjhzSmF6YjZXY0pIazBROFk1NWVPQXVDQ1Y1ak9LbXFuWVFZazVQN3FSZDJKcTFjdU5JalRFZjV4UmRBNW83a3FYV1ktZ3R3aTdaSjFlbzdvbTZjSG1INWpBZWY3ZFJHSEt0Y2FiR0VEbTZLYTA2RFA3WkpzNE5SMTJZUnBuNjNrZlZIbE16bVlSeUJYTm1JbnE4YlI4alNHM1FWWURSYkhKd1dBZw?oc=5,,https://static2.finnhub.io/file/finnhub/logo/reuters_logo.jpeg
7664010,2026-03-19 06:03:00,1773900180,business,"Pakistan's delivery riders race for Eid, but Iran war squeezes earnings - Reuters","Pakistan's delivery riders race for Eid, but Iran war squeezes earnings  Reuters",Reuters,https://news.google.com/rss/articles/CBMitwFBVV95cUxNU29oYUV2UlJ0Q1gzVHBqLUFxb0hDMW0xOWF2WUFiRXhJWWl3bm1vcmlucWtRdEhvTHFTaGZ4c1E3VE1lUDZoa1ZFMFJGSjM0eWhiQllpb1htUWZoX2ZKY1FZUHY5TFhGYnZvd1NzVWNKaFhwcmtkMS16R3NDR3B2NF96Yk5rTEtRek5ORW1GbXBPRVhQNXk3WERFQWR6a1VEVmtPdUdvY2xQZTFBTWlTRUtCdkdQbXc?oc=5,,https://static2.finnhub.io/file/finnhub/logo/reuters_logo.jpeg
7663492,2026-03-19 05:57:41,1773899861,business,"Saudi Aramco-Exxon refinery SAMREF in Saudi Arabia's Yanbu targeted, source says - Reuters","Saudi Aramco-Exxon refinery SAMREF in Saudi Arabia's Yanbu targeted, source says  Reuters",Reuters,https://news.google.com/rss/articles/CBMixAFBVV95cUxNNGFCS2NfS3BkakM3VUY0N2ZTOXFuTnBhWmRudVhQYTRNallpYzU3emNzcHZib2JiNWQzdjdKZmhZWmh4SGVTZkNSbWlUQWdONlBUQi1vMGs2SG5mOTVQdE9KYTNWWHd4Z2Jiajl5OTkxNWs3aWxMeG9nVU1Wc19LWU55dmRGUWk5OHhXX0NCdGNLWWpzNko0akFpQnZ5TTFXMWpsUXVLY0hHdXE1b1pMMllzLVFDdUVDZExfR0x2R3d3Vl9t?oc=5,,https://static2.finnhub.io/file/finnhub/logo/reuters_logo.jpeg
7663285,2026-03-19 05:28:00,1773898080,business,"Moscow says Ukraine peace talks on pause, Kyiv says new meeting planned - Reuters","Moscow says Ukraine peace talks on pause, Kyiv says new meeting planned  Reuters",Reuters,https://news.google.com/rss/articles/CBMisAFBVV95cUxOVE5hSDl3TW01YmhCdEZ4UWlVYWpXUFdQTXRfd0ZkZ01sb3NLTmhNNFZZdmtwc2xFNzZNYzYtaGUwbkx3V1FwV29WbndpVktuZER6dTFkdW5LdGxYZWpMTkc0aHMzYk9PM25QeEtOQXRQOVBhaVNPdUNaOUlRQ21McTB0d183Ujh3d0s0MDA3YVViSjc1NHgwT2E1Z2dlaDAxakJNWDA5V0d4UTJ6OVpCXw?oc=5,,https://static2.finnhub.io/file/finnhub/logo/reuters_logo.jpeg
7663283,2026-03-19 05:06:01,1773896761,business,"Iran executes three individuals arrested over January protests, state media - Reuters","Iran executes three individuals arrested over January protests, state media  Reuters",Reuters,https://news.google.com/rss/articles/CBMixwFBVV95cUxOSUg2OHRCQl9lMnJnd3Z4NnAxM3hpRm1lTEpRRGYtWU1EUVN2YzhBaFd1RkNRa0JiSU5sazFkZ0pvdGJJRUlaTkp2SFZpRWszYTBXQTlmWWw0YmdHUXY1bmRSNnM5R2FsbWFuemZlNWF6d3NERXZVVmYwcmpWQUJUQ1J5MDR5T01JOWJNb2tFdk5zcGxjUGJFcVlXUFRQQ1JUbUp0Wm41OWhJZ0lCRVBmd05sN1dSc3FEaDR0cFFDMFVZVDgwN2Mw?oc=5,,https://static2.finnhub.io/file/finnhub/logo/reuters_logo.jpeg
7663284,2026-03-19 05:04:00,1773896640,business,EU leaders hunt for quick fixes to energy price spike amid Iran war - Reuters,EU leaders hunt for quick fixes to energy price spike amid Iran war  Reuters,Reuters,https://news.google.com/rss/articles/CBMi0gFBVV95cUxQTy1YWnRza1E4bXBEckhQX3FaQVhRazVUZW9mSnhXS0xGc18wMTFOSEJCdG9pNmZWQ19KVXVDV1cyUzhjdC1fYlJDOVJWcGxUaF9rZmx6bDVLcjRhd2puemhpckFjOXlkQm1IRXl0LTNpb2VjMmhTSDM0RW5XT3NfNEFQajNqSUNjSmk3eklXN0d3bVVMZzlQZDBDWFdPSjhKUHE3czlVMFhiU2FFTXI1VUI3MnRsUUJtLXJaRTg5VlZDN1k4U2xvWDJ6QTU2YkVPSnc?oc=5,,https://static2.finnhub.io/file/finnhub/logo/reuters_logo.jpeg
7663180,2026-03-19 05:03:00,1773896580,business,"Trump calls for Japan, NATO to 'step up' on Iran as oil prices bite - Reuters","Trump calls for Japan, NATO to 'step up' on Iran as oil prices bite  Reuters",Reuters,https://news.google.com/rss/articles/CBMiqwFBVV95cUxNUTdUazA0OE5LTkgzRGhWS0wyZkEwaWZWaHpTQ3FCX1BNUl9URmIwM1ZoM3JlRWJVcFktYzYwQWVMNl8zNUZ1cGx2dDljU1hMUUdtVnlzcDlBeXIxUUhtMUt4VXQ0Nm1QeWdJSkdkb2Rvc1o3V3dDYWxmYUpUUWEzYW1acFBMRERWaEJsTzh2d1RYeXRMQ2JTQVM4Y2JYMHkxYTZKc0hVQmxwRTQ?oc=5,,https://static2.finnhub.io/file/finnhub/logo/reuters_logo.jpeg
7663181,2026-03-19 05:01:00,1773896460,business,Investors face cloudier Fed rate view as Iran war grips markets - Reuters,Investors face cloudier Fed rate view as Iran war grips markets  Reuters,Reuters,https://news.google.com/rss/articles/CBMiqAFBVV95cUxOaU0xMU8zZlBtcHM3UGhON2p2T09JR2syckhGN0U5bDlxWlFvNDltdmVmWXVHR2JPenE5OFM5QTMtS2pncGxWSkV4a2tnQS1zbjBFcnNMWHRyZUVTcjZST2llbnpDbGhoZDZDdGczVEpkWkpSNU8ySmRueW1TZWJSazNuc2lwN09CaUlmdjY3RnBfLTl2bkRtLWQ3dHJnMFV6aDVlM2Q3VUo?oc=5,,https://static2.finnhub.io/file/finnhub/logo/reuters_logo.jpeg
7652676,2026-03-19 03:43:11,1773891791,business,"Iran blames Israel for gas field attack, fires missiles at Qatar and Saudi energy facilities - Reuters","Iran blames Israel for gas field attack, fires missiles at Qatar and Saudi energy facilities  Reuters",Reuters,https://news.google.com/rss/articles/CBMiuwFBVV95cUxOTVhHMjJPUHhnUVdGdEtLWTZ3MUgwanJydGkyZkJ5bWI3WnFKVS0zREVmRGF4RzBhU1FUT1VEWjJLUXZ5VFBRaUtzdGtONGY3MHdlZDV2SkU5Yzc4cWEwdmJuY2sxSVl5NEtITXpRMFotTHltQkRIX2ZobHZVQ1NmZFp2bExPbjhuZW1WUm1WLW5DMlBkVjVNYjhWMWE4emR4MnhNb3k4ajlVU1l3YWtuQnY4eng4bWI0Zkhv?oc=5,,https://static2.finnhub.io/file/finnhub/logo/reuters_logo.jpeg
7666090,2026-03-19 03:26:00,1773890760,business,"US detects drones over base where Rubio, Hegseth live, Washington Post reports - Reuters","US detects drones over base where Rubio, Hegseth live, Washington Post reports  Reuters",Reuters,https://news.google.com/rss/articles/CBMivgFBVV95cUxPeHg5RzQxSjJ4MUtxdnJQanl1aTlpZDYweVRveDhTSU1mcW8weVRHSE5DbXhMT09Qby1wX3VLc2JtX2Rtb0I5cTMyOXdZYlQyaUNiX0xPSzZKVmdqWG5aaUM3blEwcFV0bkp0WU4tRXk5Z0FOLWZHR2JEcTdYT0Ria0ljbEF1YXdmOGxYZlN2azA3UVg3dXVJY1RZamt2VkFOOXp0dWxFdVlTTl9VSXhaUTc5WDNaMmJRT2ZqbERn?oc=5,,https://static2.finnhub.io/file/finnhub/logo/reuters_logo.jpeg
7662858,2026-03-19 03:22:00,1773890520,business,"Trump says Israel attacked Iran gas field without US and Qatari involvement, warns against attacks on Qatar - Reuters","Trump says Israel attacked Iran gas field without US and Qatari involvement, warns against attacks on Qatar  Reuters",Reuters,https://news.google.com/rss/articles/CBMiywFBVV95cUxOaHlsV2txcHpXRmxvVlRDMkpiYk5ybktCdzlXOEFwdk9BUmtrSE9leUZEV3M4b2VBQl9KZWFhbjU4RXloeWRkR05UR3E3emZZOGpNYTZUck90bzN4c1N2OVk4dWt3MGZMaU9zOXpmNjF3VXZTMWNhSUVFWW5DV2JYM2Q2ajd2aFdHaGpDaE9ReG84dkJxYnNjZHRZODloR3B4aU1mSUtuSE84QTEzU2J0aHJnRlYwUS1DQUlnaFg3Z1RGaFBiWXJGbEhQaw?oc=5,,https://static2.finnhub.io/file/finnhub/logo/reuters_logo.jpeg
7664901,2026-03-19 02:59:16,1773889156,business,Gold extends losing streak on expectations of tighter policy from central banks - Reuters,Gold extends losing streak on expectations of tighter policy from central banks  Reuters,Reuters,https://news.google.com/rss/articles/CBMiswFBVV95cUxOeU43eHJZa2tJVHhJUFA2U2lMb3EzS0hlT1BpMHNybzdaWHhsSDFfdFVuQXV4RWJvZi1teVNpSzdwVExoak9lNEd4Wk9DclRxSm9iTW8zTzlBUG5zbjlqaGdNd2dJcUo5Ry1aR3BaMmtVcVVzYl9RcXJKTDdHWkE3QTRXSS1QTm81bFYzWDZUNDl2WWg2WndPTnh6Z0kzZjU3NEZ3eTlibE1HTS13clhCc1Bucw?oc=5,,https://static2.finnhub.io/file/finnhub/logo/reuters_logo.jpeg
7662547,2026-03-19 01:57:00,1773885420,business,"Brent up but off highs, US crude finishes with small loss - Reuters","Brent up but off highs, US crude finishes with small loss  Reuters",Reuters,https://news.google.com/rss/articles/CBMisgFBVV95cUxPNW5XVEI0MG5IVk1HbW1sLWZ4emdJaGVtakI3b2FDcGJmbXplU1VSMUpUc09xcGQ0NFZrUVc3bmxVRF9RTFFUYVY3MlNkVzRNZ1gyNm1leHV4SHFZMVZrRVh6aXRlNlpRQnhkcjJWaHFuUVQxV2NMZ1FYQVg0SGU3bjhnd01wQTRZSDhidjlwdkhwNlBaRnJ2cUV1bDJOdy0wM3U1WmQyOUJXZ1BNLWpHejB3?oc=5,,https://static2.finnhub.io/file/finnhub/logo/reuters_logo.jpeg
7662650,2026-03-19 01:29:00,1773883740,business,"FBI probes US security official who quit over Iran war, Semafor reports - Reuters","FBI probes US security official who quit over Iran war, Semafor reports  Reuters",Reuters,https://news.google.com/rss/articles/CBMitgFBVV95cUxQVUNXVGt3MVZTc0tNYnFhdTYzT2ptQUcxTXFZc1VBN1JwX2FiSi1fVFlVeDNIYWt3ODFNUFNDUHgweUNYOUxmV1JTaGRaLWxyNldDRlA4UnNELTJUZk9MM2VHd0Q4bm9iRTBnazBvb1UtWGh2b2tuM0g0WGVWYzYzeVpzY2ZQcVdTeEhvMGRCZjhESzlieGpIYUYxLWo5TDJZLUk0Y1J5U1diWENuVDM2azZZVWt3UQ?oc=5,,https://static2.finnhub.io/file/finnhub/logo/reuters_logo.jpeg
7662755,2026-03-19 01:27:00,1773883620,business,"Iran continuing World Cup preparations but will not play in US, says soccer chief - Reuters","Iran continuing World Cup preparations but will not play in US, says soccer chief  Reuters",Reuters,https://news.google.com/rss/articles/CBMiwAFBVV95cUxON2k0X3Q1Wk1NYjgzNHNpVGNGTXlZMmhNOVBRMzVrX2JiVkh3UUNVcHlPVm1CR3JjZ1AtZS1WQ1oyYmZQdGtZc19IN1FxVGVhc1ZlWndBUDFHQjNCcDNLWFZraWtwWUxqOVphM21UdklBeVRmLW1fOGR4MUxoMlVJck0tY0lyWl81UVYzTEJ5cWJXRzYxMmYxOGstakZQTGx6RVd0ZFpySWVuTTVuR1JrT19vaERaQ2ViMDlmM0JLb1E?oc=5,,https://static2.finnhub.io/file/finnhub/logo/reuters_logo.jpeg
7664331,2026-03-19 01:18:00,1773883080,business,Stocks decline as crude gains with central banks on pause - Reuters,Stocks decline as crude gains with central banks on pause  Reuters,Reuters,https://news.google.com/rss/articles/CBMigAFBVV95cUxOczZ0QkJycHpLdWF1blZDOWNiRlhCRUkycVBDamUtWTdnMzBsVy1mRzFESTJvaWhjbXIwekI5Z1JfNVhkbzlLdERyQnVRbzNPdkhGTkVreFhFNXNLOHBBSjNTX0xTUUJTUlFpbkE1T2dIblRWSHJfUnhsVTdzdHpUVQ?oc=5,,https://static2.finnhub.io/file/finnhub/logo/reuters_logo.jpeg
7671023,2026-03-19 01:02:11,1773882131,business,"European airlines warn of higher fares, fuel shortages due to Iran war - Reuters","European airlines warn of higher fares, fuel shortages due to Iran war  Reuters",Reuters,https://news.google.com/rss/articles/CBMitAFBVV95cUxOUHUyaHY5anhLN29VNXpHTkpsV2V3TFRTbHV2RWpYYzBEOTBQQ1dMSEJGQmR4SnhfTFhOVHlBUkRfSnA2X0NtMWtISlk0QlcxYml1LTBpZWVfdUNFZUVvb0VGX05MSU44QUZuRW1JMkE5ZHg5amJZYW1KNlZua2RoV0QtdnN1d0cxc09lNTM3UXROSXQ0UFNia1hObnVIQWV5WF9Fd0p1aWJTd1JjSFNlVW4xdWk?oc=5,,https://static2.finnhub.io/file/finnhub/logo/reuters_logo.jpeg
7658071,2026-03-18 23:16:51,1773875811,business,"Fed leaves interest rates unchanged, expects inflation to climb - Reuters","Fed leaves interest rates unchanged, expects inflation to climb  Reuters",Reuters,https://news.google.com/rss/articles/CBMipgFBVV95cUxPeGFJZ2Nzck85cDFZYW9yY3g3SjNQd1dXdDlwZ3pKbGRPdUVSbXJ6RXZlV283aFpLdXhmWlRTX2RmODZwU2dqOFJwQW51Vkl4TFo0bzVyclVDcnd4WVcxNnBLMnhlYXBGaFd6U0dZMmh4elMtV1JlRW5YTXpzYW1Wa29vWUFreURBXzBxTzg5U21fNERRZ3B0Qm5EaFFGYzNNQlJnOVlR?oc=5,,https://static2.finnhub.io/file/finnhub/logo/reuters_logo.jpeg
7662230,2026-03-18 23:12:12,1773875532,business,"Pentagon seeks more than $200 billion in budget request for Iran war, Washington Post reports - Reuters","Pentagon seeks more than $200 billion in budget request for Iran war, Washington Post reports  Reuters",Reuters,https://news.google.com/rss/articles/CBMivgFBVV95cUxOOUdLRWZWSGVqZXdUVnVNdDBpNm8xcWplY2NhVWk2YTNMZG9EWS1vOE1kcW1SRUt3bnpaX2VoMU5aWlB4T2RkUHpPanFreUpsRDlzUS1hY0hxQ0pTajRDSDNWRU9kQ0p5YWtzVEg5TXo4VWQyb1pLVjhmTTlxbUk5bW9JT2VZRWpMdGx0N0tDYjhuQzh1WlZ2akllYVFDVTgwU2tiRjMtZWZuOFpySmlTd0ZINmFtWHFWakhIdkh3?oc=5,,https://static2.finnhub.io/file/finnhub/logo/reuters_logo.jpeg
7662651,2026-03-18 23:02:33,1773874953,business,ECB flags inflation risk as Iran war sends energy prices soaring - Reuters,ECB flags inflation risk as Iran war sends energy prices soaring  Reuters,Reuters,https://news.google.com/rss/articles/CBMioAFBVV95cUxPWVFZVllvME1SczNCSk0xMUVmVVctZ0g1Q3ItRFRXNmFyWWxkVjE5aWhpa094LWFnVGgxWEU0WDJDTkRpUVhZY041TmFhVk1pZzFEbDVnOFNiMEhiaUlLdUhiRzhTc0FWLTMxcE56VWkyYnh6bXByTVdhNnBWUmlzV1pWUzgtMkRpMU56R2ZmUlV4NUJyRzhOT3VqZnY1c0d5?oc=5,,https://static2.finnhub.io/file/finnhub/logo/reuters_logo.jpeg
7661816,2026-03-18 22:58:34,1773874714,top news,Jim Cramer says you can still find stocks to buy on tough days in the market,CNBC's Jim Cramer says there are still select winners in this tough market,CNBC,https://www.cnbc.com/2026/03/18/jim-cramer-you-can-still-find-stocks-to-buy-on-tough-days-in-the-market.html,,https://image.cnbcfm.com/api/v1/image/107113454-NUP_198430_00638r.jpg?v=1695164732&w=1920&h=1080
7662756,2026-03-18 22:30:14,1773873014,business,"Foreign worker killed in Israel after Iranian missile attack, ambulance authority says - Reuters","Foreign worker killed in Israel after Iranian missile attack, ambulance authority says  Reuters",Reuters,https://news.google.com/rss/articles/CBMiywFBVV95cUxNVjhWNW94dFBOX3dJaVpaWFgzaVVwNzlaZW80Z184dE85eHVkSk52VVBlR0xNdEItSk1xVmQ1elg4SGR3X3NwbTJEc0c4eU5PTkZTS1FJR3BEdVZ4aWlqUVlFTWdvSlNrZ182RDZLZUZvdzJGVWhiSmtZenpDVW9UMW5icEQ3S0dEa2hkc2N4ckt5Zkkzd01QV3EtbEVnR3VCSndoVGFTY1hWaFQ2WmZkVTJFcXI0WGw1ZEN6WTMxbTBhN1RzdmlibUFKZw?oc=5,,https://static2.finnhub.io/file/finnhub/logo/reuters_logo.jpeg
7660335,2026-03-18 22:16:55,1773872215,business,Iran war energy shock sparks global push to reduce fossil fuel dependence - Reuters,Iran war energy shock sparks global push to reduce fossil fuel dependence  Reuters,Reuters,https://news.google.com/rss/articles/CBMivwFBVV95cUxOZi1XWTJKRUhzZnJ4LW5RZ0ZPdXJVTTVhdXI5a1RVdnJqVjBLank4ODFtMFJfcEZfcUJWdVBVWkVOVXh5XzhOWmVoemMwTUNKNGE4RVM5dWRiZzZ6ek9QZ2doZXliT0lVcFVDT0cxRHNZSVhjOVJvbTFZd1JVMDZNMEZISlhMd1NyMDdyR3c4Ymw5aUw0RkRURFpsRTNDZEZMTVA1MXdHZl9JVTJlNnZtaWRiT2Q5M2dzeWR3UjlTdw?oc=5,,https://static2.finnhub.io/file/finnhub/logo/reuters_logo.jpeg
7659791,2026-03-18 22:16:06,1773872166,business,Oil extends gains to rise 5.6% after Iran attacks Gulf energy facilities - Reuters,Oil extends gains to rise 5.6% after Iran attacks Gulf energy facilities  Reuters,Reuters,https://news.google.com/rss/articles/CBMiqAFBVV95cUxORnYzRWV4NHlwbUZucllJaWUxYXVxb2hDSjZhSVZDWFJjLVhfYTd6aUk1d2pneE1YNDdxSDlSRm9jWFRVaXJYQUIwOUxIdHpBYmRDZEJhRVJ5Vy02ZzlBNEJTX1dzbkFJa284QTZhSDREc0hCZHNiLUw2ZnZIVWFOaTFYUy0xQ3JMSzZNYmFYaW0yQUZqS1p1eWhmS2Fmd2lnemxXbkMxTUo?oc=5,,https://static2.finnhub.io/file/finnhub/logo/reuters_logo.jpeg
7662548,2026-03-18 21:22:05,1773868925,business,UK charges two men with national security offences linked to Iran - Reuters,UK charges two men with national security offences linked to Iran  Reuters,Reuters,https://news.google.com/rss/articles/CBMipwFBVV95cUxPbXJhSlF4LXpLcmZqcE51ZFNUVlV0Y250TkhpTThZdWJrcFVfbTJ2WmxMMjE5dnB1TDRjN19lWWtWdXVBZ0NaRHo0b2FsSG50bDdlQkhob1hrS0VtaGY2UmFNTWljaXVtSEJlT25SNV9wSzlEUTJ2R3RrYW12TEF3X1Jlc1k0UFFMVVVPTUtsV1Z6TUpYVUVGaGgxSjh4UkRLVnRTeGxhdw?oc=5,,https://static2.finnhub.io/file/finnhub/logo/reuters_logo.jpeg
7662129,2026-03-18 21:11:14,1773868274,business,"First Iranian attack to kill Palestinians hits West Bank, three women dead - Reuters","First Iranian attack to kill Palestinians hits West Bank, three women dead  Reuters",Reuters,https://news.google.com/rss/articles/CBMixgFBVV95cUxOM0NySkZQblVkcHNyTGsxUFJDTE04TGRjeU0tUVY4Z1ZtQllyNTd1TlBXUkd5OUNDdjBHcU1JdDdWZENVZWxGZW9XMXAxak5ubm5NNDRxQmpCejNRLWdVd1hwbkUxbjhpRjQxSV8wcUdUd3FNempRX1plMUJvSFZmSl9zVFhMc2J5TG9NZjJ0dlRtNkpRbGNzR0JMaDdwN0xVNmt0dklGX0taWEhlVF9kcTRhSHpVV0dCamRxSzBBdlRDcS1CSGc?oc=5,,https://static2.finnhub.io/file/finnhub/logo/reuters_logo.jpeg
7662859,2026-03-18 21:03:10,1773867790,business,"BOJ keeps rates on hold, warns of inflationary pressure from Iran war - Reuters","BOJ keeps rates on hold, warns of inflationary pressure from Iran war  Reuters",Reuters,https://news.google.com/rss/articles/CBMiuAFBVV95cUxPZGFRaWJ4MFZnclpyaDdObmFvaXBFeDJIRVQ0MjlLSVpTQl9RS2EyY2RoUGg1MkYwQjA2NGxPMGxtSjJYQ3VMSGFkb1ZrNkxQT1ZHdm1vWGdxNDc4M2ZKWWVkR3BoTEFUOWhFYlZaTXM4Q2RPaWxTM2c1aTlSTE1hZ0kwZzB2TGJ2OUdYWlAyWkRvb2pVWEdsenVRcWstVFpQQURYYzdoamJiVGp4ajZXYU9vWUpBQWNS?oc=5,,https://static2.finnhub.io/file/finnhub/logo/reuters_logo.jpeg
7659340,2026-03-18 20:24:00,1773865440,business,Satellite images show scope of Iran strikes - Reuters,Satellite images show scope of Iran strikes  Reuters,Reuters,https://news.google.com/rss/articles/CBMijgFBVV95cUxQVWdKS3NzNmR4cHlTcExBWUI0M0YtWTlmVDdlUnBEMmx5aktKZ19BQmc4NTFSTFZhSWtVTWhmQklaRHRkWlBaekJzVXRNX0MwcUhNMHBBeDV1R0tzOFItbmpoWW5Jb29VcW5fd3RoWnB4TWRXd0RVNWRVeElDNkxiU0NxaG9KdVg3RnpDMWV3?oc=5,,https://static2.finnhub.io/file/finnhub/logo/reuters_logo.jpeg
7660977,2026-03-18 19:25:46,1773861946,top news,"Inflation dominates Powell's remarks, pressures stocks. Plus, big earnings tonight","Every weekday, the Investing Club releases the Homestretch; an actionable afternoon update just in time for the last hour of trading.",CNBC,https://www.cnbc.com/2026/03/18/inflation-dominates-powells-remarks-pressures-stocks-plus-big-earnings-tonight.html,,https://image.cnbcfm.com/api/v1/image/108279877-1773861129948-gettyimages-2266699641-AFP_A3TV88C.jpeg?v=1773861172&w=1920&h=1080
7661304,2026-03-18 19:25:30,1773861930,business,Iran targets energy facilities across Gulf after Israel struck its key gas installations - Reuters,Iran targets energy facilities across Gulf after Israel struck its key gas installations  Reuters,Reuters,https://news.google.com/rss/articles/CBMizwFBVV95cUxOOGdRQTVRbWJWTUxxd0NXNWhTNGdpWHlEVWRIQTExQmdtZkxVVnFNTUViM2JRUGw0cjIwT1hkMHZTSlIwanZQOWMwOTZ4RDdsczhMV2tlZ1ZHWXhycE1OWDdNdlNTVE00VHY2U25pX3h1UTJHSEI1WFg4LVFPakFwSlg2NENsZXZFd0ttV0FBMkxwQ1QtdEVNY2FwT3FuZi11clp0cFdvOV9ha2NSR3YzaG9iMXZaamdlVUR6WldFWG9DbVFEMUo3Y184MGtESlE?oc=5,,https://static2.finnhub.io/file/finnhub/logo/reuters_logo.jpeg
7660871,2026-03-18 18:25:35,1773858335,top news,"Here's our advice on Nvidia, the frustrating stock that looks cheaper by the day",It's clear that Wall Street's earinings estimates for Nvidia are too low. So is the stock price.,CNBC,https://www.cnbc.com/2026/03/18/heres-our-advice-on-nvidia-the-frustrating-stock-that-looks-cheaper-by-the-day.html,,https://image.cnbcfm.com/api/v1/image/108278577-17736911952026-03-16t195634z_756831755_rc2v5kai5kvb_rtrmadp_0_nvidia-gtc.jpeg?v=1773691226&w=1920&h=1080
7661715,2026-03-18 16:49:51,1773852591,business,"Top Vatican cardinal urges Trump, Israel to end war 'as soon as possible' - Reuters","Top Vatican cardinal urges Trump, Israel to end war 'as soon as possible'  Reuters",Reuters,https://news.google.com/rss/articles/CBMiswFBVV95cUxPX3phMmZvZTZEdHIzR3Q3dGlNMHV2QzMtNU4tT3JuMUdxamJwalhQVVlUZmxIQ196NmVlbWhnS29kT0hIZjJfUGZBdTB4TXdycFpIQXNFTGNORTVPbXI2U1RrTzdKZ2VWRjhvWk5sdHJhSHhoOXdzRm5EU1d2UGpvamhVLWRzX1diYmJSbjJEVy1ETm5xcU9seEd0SXRJWXRrWnJTWkF2RWlEX1VodUxjbkdPTQ?oc=5,,https://static2.finnhub.io/file/finnhub/logo/reuters_logo.jpeg
7660770,2026-03-18 16:43:06,1773852186,business,"Saudi Arabia has the right to take military action against Iran, foreign minister says - Reuters","Saudi Arabia has the right to take military action against Iran, foreign minister says  Reuters",Reuters,https://news.google.com/rss/articles/CBMiwwFBVV95cUxNNTBKazEzU2pILVlKZ0ZvNFhFLTdHVVUwRVUyY2o2RkIyd1I2M3lFdk9qQURBSi1TTnRtVGVoVkZVN2NqLURLc1lJRnZtMUdoOWlPbl9IQ2t4bFp2dTV6d2FoS2N1Yy00TFlGeE1aYzJQNXJ5SnBZdW5KdUhYMHJGMjNPb0pXUk9ueDNUQkZHaWpLQVdWNjBhVm9CaU96MnJIbjJ4YlFqLTNOZnN0aHFCY3RGZlNSQXQ5enZYU3Z6M0dhM0k?oc=5,,https://static2.finnhub.io/file/finnhub/logo/reuters_logo.jpeg
7660547,2026-03-18 16:35:51,1773851751,business,"Killing of Larijani complicates Iran's decision-making, shrinks its options - Reuters","Killing of Larijani complicates Iran's decision-making, shrinks its options  Reuters",Reuters,https://news.google.com/rss/articles/CBMiwgFBVV95cUxQNXNVTXJMcmF4X3FDdm9QWmFodVN0RlBJRXoyRWxVWDhsaXhCNTdfRXB2a2JhRm5DREQ4NF9WSmpFZGxhWjNkQWxTSDBjVUM0TExkeFU0T0dfVHNnS1VleDhVNEdMdDBObmlJT25aTkpzU1hnVldKQVY0alFudEttbDNSVlhudXpSekE1RVB5d1dVUHdGc2tNdm53UXVBZ1lJbDRqYURaejJ5enM4S3VraUlncG9yQ2hHMUZoTlJKVzFIdw?oc=5,,https://static2.finnhub.io/file/finnhub/logo/reuters_logo.jpeg
7660664,2026-03-18 16:30:37,1773851437,business,"Spain to move Iraq troops over risks from Iran war, defence minister says - Reuters","Spain to move Iraq troops over risks from Iran war, defence minister says  Reuters",Reuters,https://news.google.com/rss/articles/CBMiqgFBVV95cUxNMHU3dUpWcTdUMkRWWTdSamdJLXJtWC03Wk4xUGF5N3ZxaEttczlDYlhGSGRzTFNsX0YtOXRYM3F5eGpPd2poVXBucmRLZkJUa1hfcWM5T0Q2MjZucXhIRGRUaWNVb3NYakVueUtMQ09sTklfbTRLWWs3aUxLR21RcFlIbG9iMU1qTkt3aWpsM01veURDay1KNmZBUEZqSERjSXI3eUNXazZ6Zw?oc=5,,https://static2.finnhub.io/file/finnhub/logo/reuters_logo.jpeg
7660330,2026-03-18 16:30:01,1773851401,business,"JPMorgan Chase taps Dwyane Wade, Tom Brady for new athlete wealth management push","JPMorgan's move reflects growing competition among banks and wealth managers to serve athletes, who are increasingly becoming entrepreneurs and investors.",CNBC,https://www.cnbc.com/2026/03/18/jpmorgan-athlete-wealth-management-tom-brady-dwyane-wade.html,,
7667035,2026-03-18 07:00:00,1773817200,business,How US-Israeli war on Iran is upending global business - Reuters,How US-Israeli war on Iran is upending global business  Reuters,Reuters,https://news.google.com/rss/articles/CBMiqAFBVV95cUxNZ216RnpDdTJTdUdzWHh6Tzg2WnRzOE1KdGhKcTFiYm9VLWg0Rnl3bXA5c0IxMW5TRFo1OEhTRUUyMHhLYnNTSFNLeDh2YXRiaTZkQy0xNFRKcWJrbkh5clYyVEVobl9oMTNlZkozU0VTdUxkT1lMb0dnV0FGVnNoWkFWS1pYMzhndktKNnpRMDY4TjFxQXZJVXF0VEJVeXNPMV9BU0YtNlk?oc=5,,https://static2.finnhub.io/file/finnhub/logo/reuters_logo.jpeg
